SampleID;Line;Spot;SpotID;V;Mn;Fe;Cu;Zn;Ga;Rb;Sr;Y;Ba;La;Ce;Pr;Nd;Sm;Eu;Gd;Tb;Dy;Ho;Er;Tm;Yb;Lu;Hf;Th;U;Î£REY
PR003;L2;2;PR-3_Ap21;0.05843476677851935;0.09659351620403574;0.0015206869569158467;0.01532306736523075;1.20196542131624;2.993710937772105;0.005184938010103985;18.19559057097288;190.21025595379962;0.1373806078880209;128.81436712627658;0.6850588849878643;119.10490992457045;132.74296033475346;139.31031050775687;209.35552340990708;191.42771422548407;183.08483601827663;191.12101190733233;148.5405274763215;121.12907232003948;86.24658543676911;56.598716147597955;41.98365825590016;0.03169438457236485;0.00783759151415055;100.8803619643126;90.45774142197052
PR003;L2;3;PR-3_Ap22;0.05673141448484558;0.09575187764728062;0.0019973978809941064;0.02520453349381729;1.2759056723620286;3.0658716166006332;0.0060651448330471015;18.27811576632466;191.21728232592636;0.13363318636980892;131.38271066200068;0.723156898670198;122.41312864343767;136.3872419700825;148.05646500408736;220.15249173815013;195.3863667521726;191.41717614227588;196.99161363857985;153.83743658108403;124.96576582436794;88.525477247614;56.50270177182576;42.74849215937518;0.026421086169430397;0.010865637958090752;100.01386920458717;92.37677489089855
PR003;L2;5;PR-3_Ap24;0.08968310854755243;0.09608359017233946;0.01180195785827721;0.044574775722511555;0.8645818272880715;3.113289782548011;0.006278906799284024;18.130827286514403;193.85232693443268;0.12979024962795868;131.49114443321955;0.691634445651745;120.23653268780384;135.55575525360882;141.66387104007674;215.89620817765135;195.64422629975232;180.0065729026118;192.84440491546164;145.34132954795174;119.70844430189524;86.28596385185874;53.8526745081904;40.89706875096882;0.02978984099840056;0.016625344537318117;93.02341561180343;92.03205535868031
PR003;L2;6;PR-3_Ap25;0.055517874501483815;0.09688969662833562;0.0016637530959449371;0.016953072354174103;1.1326720881808963;3.085817298730657;0.005212079392733259;18.031849115115126;188.30930873592712;0.13258809078010622;130.80285341294754;0.7242846080535311;122.59613625680772;135.48537387840784;141.61533611881936;210.96355020973988;191.42197724958032;176.74985107543316;187.8866506064298;143.48782917643769;115.69399280739209;84.23988663938093;53.636419785857704;40.34658754471757;0.03273814793910833;0.0309117846984977;105.0033214499141;90.98692957421294
PR003;L2;7;PR-3_Ap26;0.0670816697630853;0.09948929453199762;0.004028307169930382;0.05764798653181848;1.357680277887008;3.2118711840766805;0.00587031969191138;17.69129030422084;194.012447435401;0.1358852208166888;135.47705206032126;0.740559195878922;126.5894791721222;141.54083039637848;149.92324448541254;219.39506047246627;200.1864168074333;188.2196214688903;199.717037454484;152.84622984430084;124.34806458559385;89.58790510709214;58.5126251867382;44.230143320865864;0.024237080248808964;0.03946269401538048;111.61301870298915;94.6631990063537
PR003;L2;8;PR-3_Ap27;0.06287914635028596;0.10042614552103543;0.001494673988940238;0.03820702868295738;1.3536254061095645;2.9529327213603462;0.005430052034250639;18.42791381837662;175.8891406942448;0.14846896127579579;121.96007720319164;0.6932715246855069;115.45443093169268;128.44269779108865;133.91092936775243;196.49559177384506;178.6198518888772;167.0317081341908;173.57581395384813;133.9640635768569;111.66346571456482;80.6906997152041;52.78471067163865;39.27152195181914;0.025260218245349002;0.04184968808690063;102.61290158561913;85.37770577786334
PR003;L2;9;PR-3_Ap28;0.06150937890944926;0.10396943417740792;0.0017684490559641032;0.039318457854543534;1.4406095547045832;3.006830073297059;0.00506347148953209;17.977231833070956;179.95557585846055;0.14512877474958263;126.22520003253669;0.7283680454946676;120.96485919009113;134.56208089563836;139.2618612706677;205.28657698461834;185.5403302576647;176.9058954545611;186.1878973591419;141.1726270206992;114.67836335567597;83.20818884237586;52.79728352722188;39.84868101914045;0.026675591763985308;0.06129674006261807;103.36275648094073;88.57789242571565
PR003;L2;10;PR-3_Ap29;0.06055172851522375;0.11167501368014589;0.0016535322385809916;0.03523106656589093;1.6015619430854304;3.317122280063574;0.005570379544973162;17.780946898142297;190.02241318480463;0.13940089453298785;134.91237868033727;0.7930509190553414;129.0862707400125;145.95818492953447;149.30521613493286;221.4800578437059;203.63431732076504;189.09150027358635;197.8367530213995;146.90294436153357;120.57680397298137;84.12018459536286;53.82156508641256;40.81079702114301;0.02818035704943032;0.09213266705450958;103.63423051845741;94.72201359655554
PR003;L2;11;PR-3_Ap30;0.06616613571523881;0.1258427136456551;0.002381730395090718;0.04084031739359126;1.4530379852033442;3.181497459875829;0.00579093671946294;17.540191345300638;191.28791714192582;0.1419336803141518;133.88482794446804;0.7866399849842113;129.46372622833914;140.13227514056499;147.63912509681964;217.0538035107677;199.68168836594018;188.27961657010746;193.90385764111517;149.72212495340546;120.46162747666601;86.4021263432793;55.68259332473771;41.30837882684269;0.029721618054334643;0.11233467155752129;108.28535264589482;93.62513547110721
PR003;L2;12;PR-3_Ap31;0.059834993998449576;0.12573930810687622;0.0014871429111180737;0.05441504728609865;1.482838196084355;3.1893702193479188;0.005493037325901453;17.411307395027105;185.09673407703173;0.12611819028507462;130.96303673088497;0.803906974739329;127.09172346015698;136.68127989589073;147.48266871619154;214.6083096747467;197.5325876030454;184.96141351397813;189.66360747551326;145.90488671801208;115.66734128846475;83.66829044400284;52.892624787870325;38.86287152863916;0.028303901887819293;0.13583921256995085;106.08261182804843;91.38271597417749
PR003;L2;13;PR-3_Ap32;0.06589555568938656;0.12207898440301668;0.0023666245646441833;0.07207702743760153;1.4503762123991095;3.3720059907370556;0.00572592886756504;17.637648971254674;199.09058066472704;0.12923292648583976;137.27117138753593;0.8523261736430058;133.23228056834841;147.3876636474824;155.21091443461265;229.92316413959855;211.26429889708535;194.1176722673233;200.38082753792688;152.44928023767713;121.40436432726563;87.5686832740318;56.21652343879574;42.41107799260315;0.028689229728724713;0.17617441089507577;107.71615839733626;97.25469672676851
PR003;L2;14;PR-3_Ap33;0.06004301525265372;0.12695546091688456;0.001500859489218466;0.03258534087633255;1.4209371826793977;3.260985003972015;0.005356318354482242;17.843297606529074;190.02895289548;0.11535998509844438;135.53016055015058;0.8880640960700056;131.1261800009661;144.56571352766395;151.0155168555521;225.64877849411772;202.9127793636362;189.07286017117798;195.9781795136834;148.65165960691016;121.1874977405681;84.8439094631129;54.43991275525159;40.23137993806622;0.030693677526393248;0.2756918799045503;104.81453763805412;94.78258911203201
PR003;L2;15;PR-3_Ap34;0.06314659622393022;0.11577739973994268;0.0018945699104332186;0.07970519152501952;1.69449548989145;3.4375761320688563;0.005961859956767198;17.294902087786596;204.14274017879612;0.1185169123587942;139.00842446345078;0.9187298931417202;135.2583302908111;154.4009369983055;157.63831540052985;236.0574919324568;217.49768888659386;201.65640831497157;205.213864081571;161.66877328095936;128.56502849064896;88.1880941550921;56.05661284846564;42.237263229543196;0.029137065706830396;0.3337082421849522;110.4298369830947;99.90522925548257
PR006;L1;1;D-II_408_Ap1;0.21836879091548633;0.03863705857805079;0.0038673784541430707;0.010684237144453476;0.9243579202012098;1.5657593033710935;0.0042615053336660545;14.171205402838048;192.06129338203974;0.2842760278726142;97.08387793707891;0.8748860229734141;64.00595894470656;70.1799082463455;68.73104253445334;99.62392985272727;120.84704907334886;113.32907026061608;132.53790030240833;118.37225208863167;95.15265763040577;63.24604486330967;36.174564535804144;25.310680564178384;0.027473403275420062;0.8730248053253612;127.3831741275687;66.78533548030866
PR006;L1;2;D-II_408_Ap2;0.2104562982142919;0.023361742261835076;0.003915924100236617;0.01894632865162353;0.8320630356649571;1.648515216860718;0.0044174622812719255;14.965435512062335;193.4378289315847;1.0832192150398774;100.6881436262034;0.7468187646300948;65.44218852153477;71.91869911005426;71.39808147185605;102.29617752717544;124.24322252716856;114.0629361591822;137.84348666066367;122.71811248537615;98.01980846158719;67.36298305159292;38.3401347713958;26.849465367029378;0.02558683048682473;0.3348560066474385;146.75344516210671;68.26669803211492
PR006;L1;3;D-II_408_Ap3;0.19714434060332375;0.018035046498845252;0.0030309255046132915;0.03695835350985176;0.7648593861504579;1.6151169702436174;0.004545672743917998;14.54846359845472;197.84463798962648;0.39797765531724577;100.18305732501284;0.6909532368116686;66.82080970821544;73.62224210414739;71.39479829648145;104.23574104776104;125.94325497597242;117.81143472238251;137.9841842557139;123.69705534570804;101.74124551029793;68.81263414044021;39.9440066146771;28.393844596127227;0.022717771879801278;0.17930641337440104;161.2838996482836;69.18679813757917
PR006;L1;4;D-II_408_Ap4;0.17728419024881628;0.016371934031397996;0.0030398867262144765;0.04904419654474873;0.7000444212234792;1.7753776946394086;0.005098153415072488;14.56877335990461;210.82610717507657;0.3795077041963399;109.84893974686652;0.6897686765923707;71.78261922163114;79.08097961534408;76.18852701332517;110.99995358543727;137.1174705191044;126.74652651201366;149.36519572633696;132.1758292740629;106.80790160310427;72.19017543403157;40.74749107838297;28.467225071236406;0.022652096261876045;0.1021562157180474;161.20745812006732;74.45876643411532
PR006;L1;5;D-II_408_Ap5;0.1896303047201962;0.015799693688361347;0.0032161049165737293;0.028313973223481056;0.6219099747640918;1.6666585809534673;0.004645759305076589;14.937952213116503;208.80891789286903;0.4329150485083835;105.11311372746815;0.6435348519550755;68.77729003144098;75.14281103774843;72.96817465667218;107.53311867161734;129.7214172854341;123.88868924085452;143.68837005299602;129.95897393126387;105.34147007327863;70.23053357907416;39.928890402905495;27.806769069275564;0.023956588287461198;0.05692616228535818;159.95307025295782;72.15157605050038
PR006;L1;6;D-II_408_Ap6;0.17371300247550148;0.01624956496339296;0.0029705457812454574;0.050696230195606005;0.6338571204938628;1.775901086915254;0.005327306448500686;14.939234336856122;223.48400093705615;0.4118302416212062;110.02412799362068;0.6472835258590712;72.69474224844924;80.87802847833431;78.11349406889273;115.21297553704065;141.72539375776884;132.41574561894976;159.54574683931116;141.1612660033292;112.32740688794334;76.4019065843069;43.185123982063125;30.478217015352953;0.02624375451403227;0.03160252349787521;174.19214117921265;76.98849418228956
PR006;L1;7;D-II_408_Ap7;0.17789623895878168;0.014328341126859665;0.002907005403980068;0.03596299568992229;0.6398055805266444;1.6414921134828901;0.004793209427799443;15.185769186571092;208.1835989915989;0.4080513316055048;104.99817726255503;0.5963936935459689;65.5784739171331;73.7491678885564;72.54441829357899;105.75335917277069;131.03280009457086;123.84502120175813;144.0892070811823;129.0580429381071;104.90558712081884;70.3097976732261;41.09160157379337;28.253966482168707;0.019731492850372113;0.012562003995280397;167.50545739661194;71.70771345068135
PR006;L1;8;D-II_408_Ap8;0.18887668102398417;0.013790811827056064;0.0028668840219787115;0.019926459054906146;0.6722593205700909;1.5167502470585668;0.004733566807064828;15.224871756561736;193.2152292688907;0.41429119282463933;96.18144192773242;0.5451128010598357;63.325998692860395;68.76373792614771;65.7215388682247;97.02346476634848;119.74460346477792;112.71945159027797;133.25651250977094;120.03310456116758;95.73957281346033;65.43067425076777;37.49665426247816;26.318957914573378;0.02262047066978395;0.00765239750193158;160.1816609382538;66.33429822294082
PR006;L1;9;D-II_408_Ap9;0.17195178753188523;0.014572253655851995;0.0028402991462277054;0.029346642748818805;0.6154216976365264;1.677607530893518;0.005093388265452128;14.34331069783148;219.5739677731041;0.3896545450934861;108.54264012967066;0.5790441824173267;69.22347202305612;75.0523476953417;73.00836942149594;109.89972237795823;134.36573823110794;128.13020441177937;153.64686877454355;138.52415175255888;111.00384656706063;72.98102255441843;42.081275742856796;29.49342917735602;0.0244101038387493;0.006772346588662919;165.45590596395465;74.63478329601561
PR006;L1;10;D-II_408_Ap10;0.1725287880716036;0.01512945247312769;0.00281480335238099;0.025763905923186017;0.6030455137168439;1.683023434502212;0.004587616383341873;14.970980863390245;210.2113603627555;0.4032108307698753;106.30109025520355;0.5699232435112667;66.64714916179736;74.33344849495052;70.36250281433922;107.15091627486999;130.54649070786277;124.1333558577491;149.6569340917652;133.92345391227946;105.91316650401349;71.89350261996483;41.813817261328666;29.063353388743764;0.02476648234923958;0.0076900239372899555;174.06396828521815;72.43578424031463
SF001;L1;1;S-1F_Ap1;0.312857435987462;2.3137633340651047;0.0789372743881262;0.17164909556813546;0.2985798218300208;2.2115696878895443;0.003469931428878261;14.685875773736036;117.98325205226878;0.195544889443711;65.47578321196858;34.388652526838015;42.26907315658494;48.02034600924608;49.22070419460398;60.98211419875029;78.29199274106968;67.59898189577177;77.1910002363437;74.13926324202362;68.59733834541458;55.15382146450438;41.95504704736833;36.40735986397526;0.04009240959433509;0.027218196073908716;407.87727771002676;56.5152772123683
SF001;L1;2;S-1F_Ap2;0.13244994917213904;2.1719695990712076;0.02168347681592421;0.0529420765514768;0.21066782258037414;1.7206686787214225;0.0028160099737637966;14.41038017165496;108.7508473360423;0.20395075222018708;55.58008970872263;27.59919458465735;31.8939831516354;36.080514295442875;37.3400917336241;46.97079311080198;65.06814666679492;58.4031587817869;65.45033345648316;66.72422126403197;62.56063601096397;51.76936218370426;39.22118382340835;34.91652233833305;0.0192623496203657;0.012502727610193972;349.0822593670965;47.561526505218396
SF001;L1;3;S-1F_Ap3;0.1434001456230054;2.090041993903108;0.028845228278476017;0.06972037150177929;0.16581772781989262;1.3808852898079054;0.002953109773962533;14.425193125373136;102.41856520389366;0.1995115111901047;45.43082446137725;23.223986518023498;24.500304968330614;26.556483560528175;28.278653094075825;37.109235478288305;51.22354554951701;47.568351023911426;57.85852865712745;59.116190886707365;57.28764395684355;48.32603107873532;37.10884210918738;33.106308394507465;0.11777733943114096;0.009434115034590934;349.2889963211972;40.53004465599161
SF001;L1;4;S-1F_Ap4;0.12566045485380672;1.8151095027455197;0.020094792774006807;0.05807330460247591;0.26949118762980373;1.0879453295050374;0.0025586669413935866;13.547411662026652;95.33596368664423;0.17761195695863208;37.31238726340391;18.765031486799455;17.58846647798247;19.76057592792794;21.700391871777587;29.831914687919866;42.23393310961692;40.18974793953109;49.422948371672355;53.31427294874764;52.91466074286447;45.076694340906776;35.287512467725826;31.242556430015227;0.01879338508748252;0.010034733403303683;444.7286894280052;34.382384294557404
SF001;L1;5;S-1F_Ap5;0.09753042454161841;1.6781307621989525;0.011394878918307453;0.02777551455935247;0.23919714483392968;0.8414151694308888;0.002171426785427932;13.432614916501471;86.65885389091042;0.18450673422134903;31.559097676206033;14.602836412152413;13.311799995020607;15.362462044126934;16.544897175411254;23.072237297039326;34.35835368749763;33.15050682150429;42.866675786268345;47.61618397599622;47.42610417735906;41.374544666216316;33.385404828860246;29.67233706100902;0.0094162715107436;0.005957156966695331;402.0971503078692;29.137761136936366
SF001;L1;6;S-1F_Ap6;0.0962137674546164;1.507818115777508;0.009728732002303392;0.018918432712893084;0.20257036797461714;0.5723870531765695;0.0018793682316220629;13.52527473360576;76.67304949966781;0.18552928171381305;24.694981095431796;10.568958114403205;8.80520469955775;10.115656228683818;10.97782108893144;16.085956130775944;25.500183407209818;25.681951536906016;34.69039989178989;40.49163645566582;41.922005881618425;38.19648379427625;30.77989714311005;28.006257934417686;0.012702793453174493;0.006076053770934905;509.03214644913487;23.34842910675842
SF001;L1;7;S-1F_Ap7;0.08920291417313907;1.2908154374032632;0.008752273811012904;0.03207903398585086;0.2371744245127204;0.43239252399224376;0.0017530341936889745;13.27102016368671;72.00664641427608;0.1688127441978792;20.561994096616136;7.830809820630142;6.184453089584357;6.951258614685626;7.3798334320603285;11.810694896334137;19.680600892957116;21.095868261756678;30.2433968009907;36.548054681910244;38.994194691759766;35.657030295887665;29.9273176364087;27.821970689367745;0.009325996917974025;0.0055001139667815975;497.6060159442232;19.929849100702743
SF001;L1;8;S-1F_Ap8;0.15557352817899942;1.2665343844020067;0.0344137469244933;0.12378868842597468;0.2827486048322012;0.3165253943245273;0.0017332214629614026;13.14977254868324;63.38544804872512;0.18148834424634785;16.095089550934222;5.3436785483166105;4.143237913010477;4.753155992117204;4.868982762042095;8.415274401778634;14.808817432558163;16.282418110445143;24.749480065564025;30.721115204624567;34.72966459727201;32.327198257910105;28.18856286643609;26.666053006339265;0.023408158399691563;0.007956546320762023;495.7508379211562;16.199108168688166
SF001;L1;10;S-1F_Ap10;0.0870558086227235;1.1800587673055762;0.006696126348080828;0.02470406403888108;0.26763190929469427;0.14014995280386583;0.0011991158480177343;12.995007863242995;47.15633113095305;0.17257533125746627;9.769461738451769;2.46888327349697;1.7512657948633532;2.0531427031843563;2.0352813646412935;3.8840651329081255;7.818142639242724;9.387951638811957;15.85241418850689;21.834710621856704;25.680661195482532;25.823045119957506;22.49972875365601;22.142501450470586;0.00664864071038717;0.0033995450403767214;461.83351366090795;10.627671455749832
SF001;L1;11;S-1F_Ap11;0.10398881382865206;1.056441220668641;0.012296304450052604;0.03669217629757607;0.26077422001339295;0.11828614907029567;0.0015564714177776413;12.603953406312515;45.852217726641385;0.16228886918882166;8.536038732729393;1.8581840067350022;1.3394553889163778;1.5198396641745648;1.4131421988565227;3.061794215640296;6.396016828481548;8.03248888008606;14.17950052497382;20.638586625709305;24.867177199785374;25.079642933296398;22.698602888554955;22.358209719369416;0.010799613430745524;0.005642372952630484;498.1600952149096;9.797443509307996
SF001;L1;12;S-1F_Ap12;0.08300536566305898;1.0796642566232615;0.006337916664429768;0.02173993139066638;0.26220955338346275;0.06960052699964088;0.0011118957478579898;12.718921904860952;37.197735695546385;0.16887073285573379;5.684732879867309;1.1117057991712662;0.7466981371838678;0.8789058111207436;0.7627260454935373;1.826105998285657;4.073045050341782;5.416756180520747;10.312353438741866;15.98649465494334;19.991660848470083;20.701980371266732;19.080757064932474;19.37331431064705;0.01046761368591766;0.002545729053983021;334.5858118613754;7.443019410969349
SF002;L1;1;S-2F_Ap1;0.13216734191298352;3.047582385042791;0.019827596361863393;0.022376374019562897;0.32888762237608826;2.8600050168983424;0.0037673880126378005;15.139566986666532;126.47192354375069;0.19799587615364103;80.26564371151076;42.91090328084907;63.42789704602455;68.69108315721948;71.48880039717756;81.9180918562131;100.16825684333644;83.78108947358763;88.73589856201428;83.26380574279872;74.52199233962764;60.44961078591965;45.51805702637028;39.31194248380401;0.03569433057018708;2.4075995359263547;326.0852975896476;69.25919576051636
SF002;L1;2;S-2F_Ap2;0.11485949247644955;2.385247481922243;0.025080810075437242;0.05093189007547697;0.3816358838428715;2.468393139105485;0.003564628694695849;14.594421356714252;123.39539522216968;0.17088807710524145;73.487902104228;36.43966283533866;50.92076750483279;56.683148036160595;59.36474163690995;69.41007294261;87.753919722855;75.58305588515033;82.98868223501108;78.39607435040286;70.71920966154029;56.97714791180278;42.803724883750405;38.06991121510011;0.023610191981203867;0.14727928084150815;379.9472029598631;61.87392328444607
SF002;L1;3;S-2F_Ap3;0.19892833049259043;1.6731795436446355;0.054770972679739106;0.13799011389606547;0.27935852816334117;1.7844037467755283;0.002842771705503416;11.71804441447523;107.37845911880468;0.1416084197324018;55.51884774103123;27.70869858807103;35.149188187980435;39.389899923879334;40.43356543981395;49.57709227420586;65.21258434538072;58.0884056227061;65.52699919451915;64.98220401320569;58.774955303404695;48.543083689514575;36.66939559343087;32.742934936317944;0.02728285841298862;0.026756759777484707;433.6642859172812;48.05259252655291
SF002;L1;4;S-2F_Ap4;0.09617697941451098;2.0902113388362373;0.01747868905368522;0.0371799782209841;0.23406871643859278;1.529252209393119;0.0026717125467562368;14.12654392775628;103.66467886525515;0.18686514014504996;49.63273804559643;25.442189109041742;28.481388227682334;31.819105801865554;33.49599137501995;41.77211438360951;56.75147839138352;51.87320670844109;60.710004967397616;60.08152048058849;58.440291567665405;49.125960770849865;37.521294590521705;34.17049415704889;0.015942903692865204;0.015691021330619625;423.4574831350724;43.65880071125593
SF002;L1;5;S-2F_Ap5;0.11006281764167199;1.9720599337551319;0.020398607857846588;0.04392799168473781;0.26344302126174024;1.2398719184098859;0.0028486177143891324;13.76481335483769;99.33899986419794;0.17994233763070716;42.22208765741862;20.669429686903907;21.329890198571405;23.51674311577975;25.105128974854356;33.55338498463004;47.350521670532586;44.63947685142987;53.85095828852693;56.8627695442343;55.34089516515257;46.85379605299788;36.860702989218645;33.38784452091107;0.020375180829828803;0.012589238612360432;440.2941407764909;37.65495067350896
SF002;L1;6;S-2F_Ap6;0.2474573487201844;1.9436142586932632;0.08254853113612406;0.23074142589743135;0.21399503862149458;1.0183903398239016;0.0028197552146053367;14.45003422628449;92.41495260938473;0.1989332278167916;36.38712052722947;17.084319258145175;15.450188971880713;18.2517211410057;19.647774548295363;26.62324737124331;38.612241572813275;37.17698014276325;47.912598334818284;51.037324438741706;50.59101706960963;44.72985717475379;35.615219183711005;32.485624150294775;0.05604973202287054;0.008506035633888475;428.4801112044407;32.646612384596864
SF002;L1;7;S-2F_Ap7;0.09426684150351186;1.5336976244873037;0.012549221780693672;0.03853301300645143;0.20546446131492532;0.8430704852617069;0.0024338350264350127;13.145343523544161;93.21614605579738;0.1797540175563208;32.799411353887706;14.966634181760432;13.123669658486625;14.751241588492851;16.289307015408077;23.110029071554465;35.11453437172372;34.64951112363872;44.19157947900859;50.02134466569424;50.96454401814105;44.454606131671405;35.88785469899079;32.74100752219714;0.013241470601690031;0.007844689944884471;441.1736322852122;30.392153464452505
SF002;L1;9;S-2F_Ap9;0.09016735379991354;1.3285166278666543;0.007669081269850495;0.024186761966403365;0.18456383368302243;0.4891306024497094;0.002202306861832878;13.019603216123706;73.69617175680744;0.1788551431613839;22.176146698524644;8.980932521412743;7.301217937859946;8.32275421966394;8.558201400618568;13.636364255026217;21.46013890919525;22.61815585010716;31.685871175579077;37.54299975404323;39.58966615663038;36.57612424613218;29.87152390931777;27.749756248358615;0.010504637711460948;0.004320458816304199;397.36787996339876;21.264058697051937
SF002;L1;10;S-2F_Ap10;0.10202180394789664;1.3035716587247042;0.013074795609987373;0.03963957121847789;0.19803194200504246;0.3352234459147389;0.001765842160178033;13.5452587552923;65.65667532717836;0.17814490140719105;17.307436647187544;6.0537322735992385;4.691930296296981;5.405249445354506;5.493072128920663;9.408415029006862;15.581350884237551;17.13662137340954;25.615689544626004;31.772076579502155;35.01483257921757;32.650589472929845;27.909319482025108;26.542640013267;0.010041082873999496;0.004132975489227804;415.52839663822067;17.16961604224147
SF002;L1;11;S-2F_Ap11;0.09482897579146914;1.1215937058144931;0.009720397896508625;0.037962378381000424;0.24397539495959727;0.23577105325642783;0.0017440140876364561;12.887541267251384;61.91284068532685;0.16903712931838283;14.287525920401855;4.413027837392955;3.2123987291917495;3.6478046108850504;3.768321516902634;6.717335084227508;12.190651361326145;13.604240572007763;22.09443648010572;28.79914922105472;33.25034857539006;31.718669143289382;27.539218808657477;25.95254653213259;0.010062576244412055;0.0031415211795735474;387.2595673356697;14.917121706510324
SF002;L1;12;S-2F_Ap12;0.09924589626648997;1.2340182210611117;0.01346476294216309;0.05781984415990408;0.2115800499790158;0.14109981953255835;0.0014153358817946635;11.699103910200709;47.9790373936607;0.14511585524611012;9.795271394436584;2.43918321218889;1.7741341645544868;2.0588082486613275;2.0510661254218507;3.971862507713193;7.920228422823826;9.243416926987837;15.76456498273248;22.211156683801118;26.26453940921188;25.852323502923138;21.989011653911145;21.846169624574074;0.008720558680456996;0.004019467449325945;321.8054310212316;10.73192658648268
SF003;L4;11;S-3F_Ap67;0.29770990753147836;1.369059601452826;0.2645583181954584;0.18192613089403242;0.49285852500554983;0.7383726509455459;0.004627530440102412;14.545324978847093;135.83540635922333;0.15520786430362424;27.80262742375452;11.721531821938857;10.677803615688626;12.934386666637197;15.077174026770857;23.334412039817774;37.95567165197687;43.847580901569444;67.89057062049837;78.12031184267238;84.08230422660206;77.08735076858261;65.61181560226605;57.004932344783334;0.09106533206178129;0.011369270607385004;246.59250901153476;35.01287217453853
SF003;L4;10;S-3F_Ap68;0.22405674866660993;1.1777563813930227;0.2223190900551964;0.18439433632908933;0.6384679449896862;1.1762316707833842;0.005193586662656732;15.913719840195204;175.79960027613475;0.16861915706039876;40.59440589105284;19.248694820719543;18.21928177756099;21.546493836174776;24.924250500718603;37.356789460139154;58.25604665356326;65.34999545439011;94.54486342146507;108.10965781890279;111.58935790147717;99.77628038564852;80.49648356687234;70.55645827653031;0.08192304425109767;0.008211634225029758;235.5839500282969;49.18504263105211
SF003;L4;6;S-3F_Ap72;0.24788662703719092;1.2637540145449249;0.05261742674684344;0.12973020130571192;0.6565516091057191;2.0335239734256447;0.005327442230536824;15.31663653558919;163.74702920227966;0.15048003985566333;53.06743450594359;30.074964453224442;38.53498326575361;45.637396263812555;48.85577099926334;60.91900719489968;84.86406358352828;84.87501060197226;108.87586731377546;110.37899794366011;106.0407237631369;91.38948200598237;72.38838238216785;61.94433940258818;0.06984448006209354;0.028100307600369245;329.17437513423243;60.07017053534227
SF003;L4;5;S-3F_Ap73;0.14068227551660298;1.1293998148651911;0.014218264456301026;0.053817263779280075;0.3603945767010529;2.3752689463815133;0.005325114190535083;14.63942538032751;183.52718907564673;0.15559481810530335;60.687635299443976;35.85135822975126;47.53174057696465;55.87178837910264;60.95343978208714;76.54307767270822;104.67570468550734;101.29646700884174;134.10011035715362;130.59167840430084;129.86836812287905;102.10827283154312;76.63618169328;64.50063003606216;0.04175385498667285;0.019527278820052757;279.646837507414;70.07773182965474
SF003;L4;4;S-3F_Ap74;0.11169345174679039;1.350143142999181;0.006428389015501979;0.025287360001043608;0.24872350335345034;2.836717576370064;0.007324640211027199;14.472333100510989;203.41830931153126;0.19897172855231654;69.19334636771445;42.88633050783663;56.82108689281941;66.25192731990177;72.372624288693;87.93597351197096;119.21796766505251;115.80080239861543;148.78072148038797;149.15168654752281;140.46046836032374;109.08748719114229;83.0676351293819;71.084746055472;0.037647093697400755;0.03917473042460546;273.04064607592267;80.22732222712214
SF003;L4;2;S-3F_Ap76;0.13531297774042544;2.13409719631383;0.016203004346432282;0.049656864885938144;0.32279917443948764;3.5292079807421226;0.007139484569117191;14.585143089459345;208.5026150302984;0.27957884004402506;78.00001825280987;53.68402262648807;70.61771976746037;81.42390665497697;91.62913144814354;106.06467550903898;138.67315163058984;129.41824653797275;163.47644357260464;155.8234276424882;145.51349623378482;114.52500239330983;86.52715026461028;71.19639148514669;0.04241278569102568;2.233566806299935;310.9853983507943;91.04464456465651
TF006;L2;1;TF6-L2-1;0.3246701233237018;1.2834354791984475;0.031057161867928104;0.11654320164239661;0.5696300277741632;0.794537768465733;0.0012503438142008642;13.99559164293099;64.67819894563233;0.20803218850098723;53.84774362725659;5.464927287731557;34.111003210895376;34.89524088739729;32.85693592920788;40.59377183686034;45.27346659158931;38.923557701511;42.064196242016685;39.09799173044347;35.41991094870134;27.68006894251054;19.551665055467506;16.331682601825687;0.028923960319802582;0.03006639634073792;71.60051290547689;31.052863724725814
TF006;L2;2;TF6-L2-2;0.4690612396265794;1.0716973315724978;0.038999470420237416;0.063594753676443;0.5195754703750846;0.6021582939333676;0.0012550958934878656;13.683258668585005;55.23267448720835;0.1975523050909483;47.02833701981679;4.001624950833491;27.329224820991758;27.743516430353917;26.117470021976242;32.312625939989594;38.42534452470186;33.566065361090814;36.29119107058653;34.65159149021132;31.348950529769592;24.412534952465464;18.478886121315732;15.506556104947386;0.030615396028318413;0.0015887712274371983;74.00229673106244;26.053223113745762
TF006;L2;3;TF6-L2-3;0.2529009821330218;0.9722872682229411;0.006271812146788966;0.016690406933312096;0.4852325762308982;0.4343304869836033;0.0007828699715407833;13.803343154543077;50.083187120675376;0.1865782029772462;35.67059284201687;2.445037934038295;19.811712321823457;20.342067216056318;19.361374354774274;24.868027158584972;29.07667957009484;26.505271774607113;29.651213254749145;29.268155179946536;26.907603170182863;21.84439000848574;16.293023047069333;13.776875855199554;0.0066318134678328535;5.951022942130756e-06;71.14617273535242;20.578560975763523
TF006;L2;4;TF6-L2-4;0.2479038804153197;1.0338170386103207;0.005535373934258525;0.017234450259247764;0.4838906181578393;0.3611063508837441;0.0008708922633304299;14.13065852791471;46.70241804527351;0.1808449279368063;31.737851281733672;1.5237661768725488;16.152145153543472;17.129361988143064;15.540743761990617;20.78982042641956;25.36271965425306;23.23087323418127;27.109870344869133;27.02649113312744;25.611623447041826;21.631153164895014;15.842301233172284;13.614439424636053;0.008160027175179939;0.0008663634137496418;72.04692163061667;18.129699381833845
TF006;L2;5;TF6-L2-5;0.26883708715542676;1.0082445032804384;0.008384251401589734;0.02392384990505864;0.50088231414697;0.2866832870193701;0.0006647887432219442;13.877534095898945;45.204449535280034;0.1757364985075328;27.467371554084224;0.8577163679301643;12.276532707942131;13.265514379429897;11.803234010260187;16.79556503711486;20.455512295617243;19.252094826555663;22.890907685211772;24.512513502025293;23.859918495361885;20.27758526590139;14.687216492597496;12.817721878059183;0.008970579708149583;5.474272303452106e-06;73.47076447032183;15.768412150645016
TF006;L2;6;TF6-L2-6;0.30763989120674956;0.9816643744083108;0.015594554514644985;0.03452757633612462;0.7007286058995854;0.20863707819231495;0.0006441199838023789;14.194608008422076;38.3087757497567;0.17721873576763553;22.219055104800848;0.4489716691537254;9.266963501352155;9.543673365489568;8.691996767381724;12.548714683289154;16.497837523865062;15.247550646283534;19.862043785221278;21.32717154118306;20.959399788769115;17.784778147951247;13.271235513732623;11.80676765139531;0.013077750284390266;5.182671380493488e-06;73.82826473608411;12.728877230456854
TF006;L2;7;TF6-L2-7;0.27968799220819174;0.9083906224728602;0.010378235247067848;0.023638497353369363;0.7017714913407397;0.1502036241777686;0.0006846521672970814;14.204451215153952;34.520721719940994;0.1728739457885074;17.36226207443513;0.23320396963075699;6.627811713374438;6.9553153415888955;6.164216839014831;9.232703575348463;12.23941221772455;12.180104921407334;15.96698936234439;17.71645036473106;17.550913386860728;15.936249164470404;11.896784605866301;10.483892718517351;0.007880719671437365;4.855915833424826e-06;73.17302450586482;10.412768129874063
TF006;L2;8;TF6-L2-8;0.2580634946501217;0.8443504181592775;0.003120050892835744;0.014968046301190838;0.8413755159150369;0.11170862018091672;0.0005455279503087236;13.786055890734213;31.050010143708594;0.17521342701785259;14.112863443495652;0.12757787464369622;4.4077062491931;4.753671256771843;4.235192407695822;6.586049202530783;9.494610745872464;9.521651941170672;12.92136814471874;15.096598561438663;15.688374172754108;14.161420279165277;11.456987318598326;10.051247379706867;0.0035212543516982067;4.368333046695217e-06;71.4868565254063;8.660107272006503
TF006;L2;9;TF6-L2-9;0.2621272640170185;0.7570561437112272;0.0018694174517415812;0.014871867469020156;0.6271974780970181;0.10192069340455163;0.0006216631304610338;14.553647925253324;26.970150304959887;0.1807266096715955;12.02574555400608;0.08417374083814992;3.378464191920561;3.7875057696200254;3.2206251466621785;4.980255214724607;7.63623772990048;7.8701754726931075;11.058721266192132;13.158978553352403;14.385929175385945;12.679692751846083;10.637715148058902;9.572315400002704;0.005310881629275027;3.848731331051992e-06;71.87678723536015;7.386424096960318
TF006;L2;10;TF6-L2-10;0.26134387778548385;0.7417921462776417;0.001729488624287304;0.01559935380025753;0.4440300393663546;0.06997365051584291;0.000453892651435523;14.821410413409783;24.727743227915877;0.17559971617808248;10.332086720028297;0.057946038723704366;2.420112371474415;2.618688939445755;2.243842162574322;3.6593588100208816;6.093919097483723;6.356802019845661;9.241679321438712;11.510335460072145;12.856771406707576;11.494636209639012;9.649100518096771;8.719114993243245;0.004326456240806278;0.0;74.60168588468471;6.405671318245029
TF006;L2;12;TF6-L2-12;0.294052737458691;0.8065969266238915;0.0049515644112455084;0.03249390529031391;0.5544797955789604;0.05109294713008372;0.0005280316403153725;14.790994044027084;23.72484838591187;0.22444093157353512;7.889211755202292;0.04938487981630181;1.436951003242753;1.6852028209128525;1.3141862263567383;2.356082112334492;4.409147577296532;4.836655815740631;8.253172086611576;10.73485323921756;12.27093418315171;11.905014501054334;9.671852070743991;9.251113779495013;0.005795658390373738;0.0;79.80339705031224;5.5422911407542825
TF029;L2;4;T-29F_Ap40;0.1642999315671536;1.3798224299866326;0.0019288799822471492;0.01468025277009715;0.14643129799730453;0.08841540237977871;0.0009336816966404454;11.939746911279853;24.973782326253886;0.20737630671792165;12.91438445248069;0.07059214096275708;3.0123823534892775;3.1567345803752866;2.711831956951839;4.3087780575848305;6.963713056223007;6.91348538564185;10.317345541581545;12.158950041161663;13.723624054969322;12.948191077043065;10.337974170241662;9.392567250188694;0.004231589033155222;0.000686536805659499;312.30392415332113;7.104803575906085
TF029;L2;2;T-29F_Ap42;0.1784333630906714;1.222938277144924;0.00277500237209905;0.043295303594357674;0.3555504755432885;0.15991771557471257;0.0014204271449108077;11.839195839536439;30.8532804908759;0.23884678469303078;19.301578305242828;0.10560865182168197;6.0427796074009965;6.438494766124078;5.792189865588784;8.254507014878797;11.738797784415977;11.124413668486048;14.795493243783644;16.399299798275223;17.081564476948365;15.4011543352571;11.945766765642665;10.446110956037407;0.004663516113363788;2.663957943988573e-05;306.7464094831913;10.072145831136549
TF029;L2;1;T-29F_Ap43;0.17878010684098533;1.1351843044207592;0.0022980411063858765;0.031629205957767394;0.2872875243333975;0.17032042691809582;0.0008323339140478538;11.637546518550078;29.407272386812746;0.1896522615674874;18.733626474755255;0.11948041561263394;6.0482619574882985;6.573031026552818;5.952212678348188;8.210187893083011;11.596345487437427;11.14350440246053;14.520857251996341;15.916496373876733;16.57520913060455;14.689132614029417;11.710155876051381;10.09599344266618;0.004984847728051218;3.027484507977088e-05;314.94006272370723;9.790132282415703
TS012;L1;1;T12_L1_n/crack-1;0.34271141973065594;0.990090797340329;0.04613896596675537;0.08303092031084329;0.6353703333165935;0.44158413770761895;0.0005199499551818499;14.91666403293696;16.52879333336919;0.15475137156692512;14.17912207052512;9.450364439302499;12.450643348306768;14.130018603261036;15.32100831292779;15.468847758967142;16.294249461842686;13.938334041689348;14.296681574168332;12.194231028046667;10.904262294733083;9.53712164581889;7.762661226237167;7.051651581038058;0.013712329232427992;0.04193121860757131;762.7927723189093;12.52151383133418
TS012;L1;2;T12_L1_n/crack-2;0.1742181957565478;0.8554072006885538;0.011838513282121068;0.03886667037347779;0.3864801278237241;0.08612977242071498;0.00032197928704835114;13.985564946039563;7.5053372100417555;0.13110250011970923;3.4854832084657;1.550060280845378;2.062347203297743;2.283791718344434;2.393633459426814;3.052706400442604;4.002809430609666;3.84901261965123;4.874674988926156;4.768574222742694;4.7331675523962105;4.798153377153968;4.100219903107295;3.6218522698817166;0.0032940921901413026;0.001492479458728827;556.6613735843945;3.066539934488942
TS012;L1;3;T12_L1_n/crack-3;0.1236314384467357;0.816077248626087;0.011699374826939868;0.03942845199065853;0.5283096101716592;0.04106691677373943;0.0005111674229330229;14.160799907380625;5.080695264501197;0.13972746971215025;1.8195466860253895;0.5701184616751338;0.5705686343898694;0.6570228950849539;0.6661247190793945;0.9714694894546185;1.6803394663822375;1.7261339358438532;2.593547503671282;2.993705370179712;3.4579981971663103;3.551646788204981;3.1650295919221167;2.908621954601242;0.005913869172668047;0.0007257353709013157;444.0914047774491;1.5620305156780727
TS012;L1;4;T12_L1_n/crack-4;0.12035441806492536;0.6972227198614926;0.008666404041006522;0.034992746987936335;0.27348528461149774;0.029821153522698873;0.000389403642128535;14.816478629827708;4.033087244943051;0.13360352936674125;1.1693295278369817;0.29066750004649256;0.2693260832655628;0.3249359985258138;0.248991518642925;0.48042795215178985;0.8714134027921455;0.9903271172133992;1.598567107949285;2.09305163520652;2.5630139597332846;2.6585592326295684;2.763965098785825;2.6130253061555897;0.007674884811738153;0.0007445513579911949;439.5190354188427;1.0602041149463344
TS012;L1;5;T12_L1_n/crack-5;0.19336898551935536;0.7444912684937413;0.012812007386895722;0.04887507401180919;0.4372428274548144;0.02580065846993774;0.0004936775351477836;18.152354890627663;3.6378919503311216;0.17215662036917612;1.115384737068793;0.28692046647460145;0.2708964067507136;0.2923873356706523;0.28980534306988853;0.3814585157724058;0.6923420906845341;0.8993663079345469;1.5123583717734626;1.9350039864026156;2.5111504777928255;2.9141095081129085;2.8152555061316358;2.7722005678763484;0.01160227893483683;0.0008843010363689883;707.7125717991023;0.9877612837682775
TS012;L1;6;T12_L1_n/crack-6;0.4222818094535032;0.8206932569249055;0.07136240643694247;0.09251586059090203;0.4484719948395997;0.04421405456078213;0.0006728085039250148;22.22825859627554;3.772005244003963;0.2306890321897316;1.2387322631244395;0.3753019990455311;0.3026010615320002;0.3508829351787678;0.2588754989719941;0.45382944431550304;0.7712588841648096;0.9757467290685564;1.6207322674815763;2.183881357386387;2.842583309514215;3.1163228714850004;3.3873739810358705;3.512643830045372;0.030786924247870738;0.00270256353581803;1001.7486029138215;1.0904137898956745
TS013;L1;1;T13-N_Line_1-1;0.213545229355571;0.795734193353276;0.007182410260214944;0.049230741550381645;0.3629417225329763;0.4094176996452864;0.001089792799836536;14.885655672245946;60.82719664631527;0.25358185877307143;31.924742366679055;1.7865632260316016;16.983012762237;20.44769261278925;19.944385019968227;30.008199582018538;33.551421216671116;30.88699071737227;38.28741745712561;36.14165499429309;34.615714115551185;28.28088053527326;20.469482641702616;17.2503598830434;0.011377912621193812;0.0004399475601096874;143.20113798014043;21.481348638019583
TS013;L1;2;T13-N_Line_1-2;0.23378700001346847;0.5855508325885029;0.004152493531488506;0.036719622998275574;0.5047851218997074;0.22715067565813216;0.0006287944431410976;15.21760392162934;47.72548326413201;0.22558324742817507;21.076158662218315;0.6686945492689926;10.233867491487976;11.53259729808887;12.070281184080542;17.946033263315154;21.261249650243148;20.953320819502284;25.915269787094896;26.756912097473414;26.103479444282822;22.13705531298207;16.573338684488462;14.335135773633736;0.008244508960746468;0.0;130.60057087402038;14.687651359198366
TS013;L1;3;T13-N_Line_1-3;0.2225355677229699;0.4971680087405754;0.0028544819210168876;0.03534129101991498;0.5576241584840117;0.13827845055944105;0.0007070892808291572;14.852386115372967;39.0100243236213;0.21432270337036433;15.46703525234321;0.20298025454005725;5.811940354902926;6.931353508364648;6.474089617828385;10.838381995730753;14.709271427953137;14.472148333490154;19.695864673679928;21.579686214082468;21.565000583919044;19.008434784343926;14.935757589381618;12.643967953465793;0.0063889352693131144;0.0;141.29635321288407;10.880384018834626
TS013;L1;4;T13-N_Line_1-4;0.23294181354549176;0.4322568119051177;0.0016836719154165146;0.037399165787709764;0.36009924177018576;0.08253299540192315;0.0005960211669683855;13.980748205631352;32.35690875099756;0.1964020376485432;10.076094704833748;0.0785597653565293;3.0570257540965193;3.5762718440754315;3.4030214215369696;5.837670371892182;9.263526845544867;9.767432968533873;14.291303042588318;16.469077869590045;17.648336576891197;15.608401514022283;12.48486136493767;11.118800497641736;0.002570066931529724;0.0;137.27965998889647;7.8929145019615
TS013;L1;5;T13-N_Line_1-5;0.225209232043158;0.373901232003333;0.0024791327571353702;0.042717991042508556;0.3290455295002673;0.05118531514663273;0.0005024965955632218;13.765055640163853;29.64740239407044;0.18958384534286746;7.5555540573139846;0.04524221688255701;1.9231571750214693;2.276035890352511;1.9608684071022127;3.9476720838445822;6.602355714497946;7.354108915941511;11.371712069016274;14.464914378046505;15.65398809076454;14.363916423894464;11.56919858321774;10.431923537691457;0.007893237811832503;0.0;146.88045300901967;6.598564972769218
TS013;L1;6;T13-N_Line_1-6;0.21946844399690638;0.3803957479372114;0.0016663153859924583;0.035352804035506974;0.4409101361790829;0.04560261772294873;0.0004288991259111436;13.85142842759763;23.287611386935968;0.19889362272136635;5.333220923334437;0.0239521977147907;0.9846974234153599;1.2155928929925874;1.0906992555473065;2.3057362947083075;4.215407688533864;4.949766183410185;8.198470729778071;11.048791159136957;12.641620533101595;11.944470485684386;10.074487760358105;9.329989885809875;0.003328903152823267;0.0;139.38509150170754;4.92407538732491
TS015;L1;1;T15-L1-1;0.18670001051712914;0.41409486299152837;0.0012603085856232711;0.032913945490197195;0.2775302460704725;0.0649724081976981;0.0011590338847087317;10.226371554074657;32.8659572179073;0.10151316385648661;5.88410226451061;1.0337002055308582;0.8813924695727051;0.9684999186141698;0.8614800791805939;1.8762466828679394;4.426851627268397;5.992866807139888;11.56055917078547;16.445902765772782;20.508040622667586;20.74912357270034;19.804872957636075;18.207298061090285;0.012253210721408158;0.0005378416901692954;1001.8591501779057;6.967552954457806
TS015;L1;2;T15-L1-2;0.19234010273533447;0.43833808029060267;0.00134442610969852;0.03245240114098813;0.33188666266516537;0.053825653755883565;0.001045733372065821;12.890568715708381;30.169188732612614;0.13742755276744334;4.806827464620195;0.7079030393671227;0.5687308596605265;0.6504125165022617;0.5587808102225963;1.2400838348022003;3.3654639431541438;4.517932707994266;9.582776785395355;14.17406429555051;18.31151804536698;19.03201722666899;17.65132632390637;16.868272336264802;0.010932598926343778;0.0;1043.0388223025132;6.082171444871864
TS015;L1;3;T15-L1-3;0.724607597013396;0.5467418924152682;0.1414684239033354;0.46646246598191865;0.41318864534708294;0.07601662324581002;0.0012932328407258122;11.528689902041933;29.247797221912304;0.14018041994252983;3.5794437187784136;0.39129205753609464;0.26995850492434437;0.2925127789698448;0.19760541649739408;0.6715941976701372;2.05281807301903;3.112769188104429;7.477162037458528;12.229857553701747;17.222003557150746;18.563570064322345;18.219494231156624;17.763782897395224;0.02866656937195695;0.0004119247771503598;1043.338032765423;5.446751576428178
TS015;L1;4;T15-L1-4;0.6898812282367862;0.5636624651629984;0.14901247065117884;0.567557763245306;0.45443587432006466;0.06288133264982024;0.0011682971009257003;11.62169716852686;25.788113047748258;0.1376839166653486;3.1820619401950387;0.2938207401677611;0.1972485806682523;0.2326054241509666;0.17070611022967172;0.4998182423645786;1.5214210282733074;2.571711066922661;6.642119368303073;11.038659109740262;15.29099252624678;17.012304360514015;16.284338289103875;16.547026121656398;0.02325785842384742;0.0;986.2391763300385;4.784108355483399
TS015;L1;5;T15-L1-5;0.28465171674592815;0.4817967640929802;0.022653016548363984;0.10938393363878614;0.35193728957103193;0.04492595456101001;0.0009748272395980366;11.875055801436652;23.01890297371808;0.135876266404708;2.640343815805814;0.22606358189823675;0.1420602271721113;0.15890087656541274;0.11538632074788667;0.3685378634521166;1.319436834648985;2.0761099071182367;5.3245475774434485;9.550412029825887;13.51655700952859;15.671803509436579;15.194458789265413;14.660275052681685;0.019127213302178373;0.0;1038.2461735167474;4.20201318903186
TS015;L1;6;T15-L1-6;0.3417694672823286;0.4452916088612051;0.044063326364827154;0.14538803532371983;0.3738033527618636;0.03879139917748344;0.0010853009232036667;11.973658614692399;24.064903016001928;0.1264867198459709;2.417440979479569;0.18828584800287873;0.11432847813677219;0.12145805471365355;0.09847932499390777;0.26066979360596326;1.0668096480368183;1.7743192543204906;5.196405121096307;9.242489342033968;13.44706160311126;15.4801195179756;15.80171658282768;15.323850276362004;0.02075914333753657;0.0;1066.275027658427;4.27109476307198
TS015;L1;7;T15-L1-7;1.4896837053887653;0.7472431722499343;0.4224708308044016;1.0281219749975876;0.33910184493375606;0.14085225524387318;0.0005647342911767485;10.942765086130757;26.025747157121845;0.1219096803418361;2.4545903580149933;0.18622376891652967;0.11119140646396203;0.1258837100290308;0.08451087690253034;0.3201294769742973;1.1515574838892253;1.9633476299042376;5.542168429904527;10.168923854700381;14.512576151916079;16.707882364680568;16.729937498190335;16.493210002344078;0.05237655162159373;3.260037424692018e-06;1254.8551655184226;4.575689932437722
TS015;L1;8;T15-L1-8;0.4824663067134396;0.5006855562117732;0.10179860825379061;0.2760733689548051;0.3795841037673022;0.047603361643030494;0.0010619356849477105;11.555266831715823;20.168601151695363;0.13351883489384928;1.9572149050206546;0.1121068461616755;0.06488597139432097;0.06699747455009313;0.04676841082111343;0.15362975124152403;0.7484942756100175;1.2658688920264194;3.9685862553310773;7.85044410386975;11.96460045475094;14.245440941795161;14.88134902990784;15.233986266299476;0.025677482456229195;1.0535893682815137e-05;1130.8558403226882;3.568885810384621
TS015;L1;9;T15-L1-9;0.18350295458463228;0.439236536480829;0.0036201187912253416;0.04668454607615935;0.37872772131454424;0.021850968266177127;0.0009615942980780946;11.540284848908719;19.940911619422884;0.13042179617496338;1.5849087072730783;0.08118033043115414;0.04196239331975186;0.04231940808444053;0.027704196481762703;0.11368819037365763;0.537182066220018;0.9833596510272526;3.145630641651048;6.677675296836626;10.671722000123461;13.095774422549026;13.984939696211143;14.147432888940005;0.013933517775098204;1.5054725803162929e-05;1111.8681783893003;3.392197054894682
TS016;L1;1;T16_L1-1;0.062037123735182005;0.6527420575112156;0.0004979545112202237;0.06217834014197852;0.35802973339976507;0.024929233587349903;0.00020383345483428482;13.507674202809905;0.30688665079132577;0.08139181977476614;0.2525125909505412;0.08453743102851077;0.0641211586435498;0.07031727169687732;0.054611967636116955;0.07882904562290861;0.08649802988459435;0.082314840165885;0.13206006322204905;0.13944477498150512;0.1906518141880674;0.2979698740142957;0.26585631342599875;0.34416931271400175;0.0;0.011530939666143603;541.7722974058491;0.14577468284903392
TS016;L1;2;T16_L1-2;0.04659454032241441;0.5913806021766087;0.0005201452794589562;0.045228409520396064;0.3504384508952326;0.020327381570866842;0.00015562108562047088;10.284961944362557;0.23563001202666148;0.06307468341004357;0.18496419422086507;0.06462588102485863;0.04621114537491806;0.048095201255562464;0.027246460328848296;0.053152267393067734;0.06741161665953842;0.04824218335015971;0.08379697006610316;0.10530933895549763;0.127756620032831;0.17203747000024516;0.1893271676580819;0.21712882335110922;0.0;0.018372881467436163;407.9048753704876;0.10768038680664206
TS016;L1;3;T16_L1-3;0.04247490638593026;0.6343096278866288;0.0007651924609119244;0.015224081284680701;0.3415289459489561;0.022783968981969528;0.00013453847918144335;11.266975861638917;0.2323749845781166;0.056150239822503265;0.17098133433979357;0.056895939414106755;0.04202528350254946;0.04215839012534745;0.03825775210896857;0.027468954324982572;0.05535513116216391;0.05029237451257117;0.07475520769243091;0.09461488998308745;0.12813931305809204;0.14427216145667449;0.18181375399037752;0.2250703409713882;0.0;0.014900752871862684;355.73041705677696;0.10022974709195182
TS016;L1;4;T16_L1-4;0.03827924417963511;0.5948772349403703;0.00045745311379807754;0.009189473046623169;0.30381351284835667;0.020395753898127443;2.617048413755707e-05;10.242634865424156;0.22572710700302318;0.04941477620734817;0.16066737162170872;0.05564290659626094;0.04008873226168794;0.04548234735340023;0.03176482446469003;0.041898850390014904;0.06721158059694768;0.058080382829878464;0.07978685202212514;0.09999337273150236;0.12260421054419979;0.11839468296861476;0.1837600881601395;0.21010651643920053;0.0018889533891781464;0.01832668048966028;346.43770209634084;0.09765274810082344
TS016;L1;5;T16_L1-5;0.03450314771645457;0.6043857422165785;0.0007172118348382256;0.03984666332958746;0.2925879369439383;0.028139757103991643;8.689204239468582e-05;10.897618005389353;0.2209357136806942;0.05411000013914057;0.16616541983762328;0.05712572984884018;0.040261970689769035;0.043681196920556414;0.04015033379598703;0.04354479616162372;0.05937617547743579;0.059229439383541596;0.07869293414045614;0.1093880087432035;0.11474166440881854;0.1563376047356799;0.19380855802648714;0.22925744841455073;0.0;0.015165925929763175;366.61858779631933;0.09854915115595456
TS016;L1;6;T16_L1-6;0.035047794757718645;0.5670900290459404;0.0007285192049534627;0.014602490454612817;0.3134348841953965;0.020480040092487536;0.00012739129189888018;10.62575517282929;0.21306431475254592;0.05491089563180377;0.15425712245702583;0.05291041100601309;0.04079090969362426;0.04111671728608646;0.023169115896584363;0.042741693457203626;0.04636104815860585;0.047330167251296004;0.05915822094728153;0.07684093080458679;0.11331164994522888;0.11637798698386934;0.16371696009146933;0.18397047137117822;0.0;0.016908090279701866;332.41670663445683;0.09146202391476471
TS016;L1;7;T16_L1-7;0.04350170945610302;0.5979136734657576;0.0009420650287254235;0.04147737343740206;0.30515747046678443;0.02331140082895913;0.00019080020307491716;11.401793698681264;0.2271083586491509;0.057830794958690354;0.16905499156486234;0.059964981203213905;0.04415658427217426;0.04130507232745236;0.03448553092882571;0.0653765408793967;0.05936495753439176;0.06932922955324956;0.07360427315821544;0.10029176722224853;0.1323582997499961;0.14219966918288932;0.17672527872141064;0.22741788003495375;0.0;0.015831230999545576;364.1943933218768;0.10058519868565573
TS020;L1;1;T-20-1_Ap1;0.2287359935142006;0.8463677589363537;0.002898946896861969;0.016700533787465107;0.3282114728451405;0.1754300593743302;0.0008784236555716395;16.517129170554202;34.35604831296712;0.2591104709535263;9.95295743943979;1.0505982713807802;4.351454496677381;4.936681840255678;4.954574176906016;6.918621936798052;10.703716551069464;11.014408973598568;15.20313431602175;17.5811009973777;19.015000237722447;17.293385753405598;14.326561190939776;13.171260595495818;0.002631376982145028;1.565336083557148e-05;182.57523392790637;8.919208263609862
TS020;L1;2;T-20-1_Ap2;0.21503728627017216;0.7084214288282317;0.002429252745650467;0.014064332380514659;0.4184840477301772;0.10163395942873335;0.0008940999586063484;15.439135866361257;28.916626165430962;0.20722777088091754;7.044043486414294;0.33378496492781967;2.774549525776392;3.2130614284896364;3.240817891712596;4.618943596555552;7.740322672568045;8.068537068291796;11.88800821264243;14.366346001620295;15.876168709323583;15.147903497522016;12.795119418905536;11.59920553894011;0.0020566754386147634;1.5320602993167858e-05;175.24842315257214;6.800219744938633
TS020;L1;3;T-20-1_Ap3;0.21856300813966764;0.7008014742027642;0.0021860144466425042;0.012559765825419456;0.4360642021142026;0.07905984651535267;0.0005369827213455898;14.934997226724768;23.247279956810317;0.2032848858334866;5.178271452445583;0.22853287781596365;1.860446392953632;2.1043920509442002;2.1515787126439325;3.100641886010932;5.323253606365473;5.833282850430322;8.798753017216194;10.981158895349589;12.660252119702951;12.107882929135952;10.62194973682154;9.802013622005237;0.0016719278941496117;1.53012961219141e-05;159.67911654870963;5.222916052381966
TS020;L1;4;T-20-1_Ap4;0.2136599465592485;0.7925144416938609;0.002934540958208457;0.019557938075993073;0.3107275144775488;0.04313662107641065;0.0005315439170427081;15.093285996172458;15.843082037303045;0.19669085904084602;3.072397670673528;0.11801953819488556;0.9116248697794335;1.0736782502982396;1.003867200111975;1.5997082617297087;2.9926361121522107;3.326269457478125;5.481948385118378;6.9329592878854776;8.42899635663698;8.514578691255958;7.4082812819324575;7.284746197354045;4.434506236733361e-05;1.5724521876032088e-05;118.91733685976753;3.348638519353714
TS020;L1;5;T-20-1_Ap5;0.23284319603496134;0.7007040633218822;0.0018759946791600296;0.01315945437582249;0.380419919229852;0.030530899005614332;0.00047391866535346025;14.266756105639802;13.711357175868134;0.19793561669144047;2.2296140646087332;0.07066703929360782;0.5456316093313293;0.6244056567676599;0.5819370771377322;0.9878107532539515;2.026672655469321;2.272248012700318;4.046439859911762;5.6702094452095775;7.070751702858667;7.443263557236695;6.852405857102793;6.907374683145724;4.1557873931682496e-05;1.47362166441591e-05;135.67605133637434;2.7150324442921727
TS020;L1;6;T-20-1_Ap6;0.23615446209871005;0.6695858387919101;0.001928641515483375;0.007411053960266154;0.38690168873305125;0.01939575245989614;0.00024349432397163497;13.812832209963346;10.716764407548526;0.18748938070619886;1.5066849142273278;0.045242160228301485;0.3225881194485869;0.3624027171631486;0.2896896065588742;0.5710804308609658;1.2913758966255235;1.5078214268880026;2.8791929499560442;4.2827185918252475;5.658043376361724;5.952705185930054;5.7206239216466646;5.913627274023457;0.0009394999271749603;1.4688611698363609e-05;109.23279306975593;2.040362292402095
TS021;L1;1;T21-1;0.4088117423465613;1.3742007070496203;0.018417624563637807;0.03316968193930816;0.8367402158663662;2.2377787468316708;0.002855211189573428;16.47659916025705;156.5428235988186;0.1887396493303152;62.66876062379893;33.97836993691608;79.14382589263865;92.34980809982954;115.25977476437332;134.68430514475583;160.75282567165308;149.74695133889594;159.64012064379128;135.31676897374538;114.78784795048469;87.69877614583407;63.00845544589314;47.93483648533004;0.02096396289007026;4.297306419531176;119.51402533534488;76.4433179869075
TS021;L1;2;T21-2;4.136536206348758;2.329095173256167;1.162425545740778;1.888371141473247;1.1780337742903702;2.4745194269997692;0.0031120145153454713;15.892269736989395;188.80495178043913;0.18476479733630397;64.48915797603944;33.734472183272885;68.38815959210385;87.50109482307536;103.90766989877037;134.18058354149346;164.75935459950375;159.46687962203376;176.54082065854445;155.24191998892974;134.5901795413676;107.20103675468317;76.4649417220824;61.00537037622471;0.7510705642963901;0.014055145128311073;347.22849511379104;80.4188419053747
TS021;L1;3;T21-3;1.1300914859761992;1.36318602667977;0.35135665210088535;0.1596112949162554;0.43163327564310244;0.0649813034321696;0.00021457004348901027;14.238987422598242;7.491280932134237;0.1697841171799572;0.06254134071331359;0.004856151471527898;0.0038338243108294525;0.006284681210710636;0.009754708192948519;0.014572470941865043;0.09450761366745108;0.18819981401303137;0.7392984780141642;2.0744826841901993;4.4852348630094;7.20005132292906;10.126372229333743;12.123721927247855;0.051571390862506714;0.0;371.1664895070441;1.2414584527747987
TS021;L1;4;T21-4;0.2294048597143987;1.1314711032661648;0.039137687357400495;0.04288601735868473;0.4203235670439187;0.02612990652995938;8.131102711055432e-05;14.478615057470108;2.408243145550316;0.14058878206895511;0.00040396981631958637;5.7872512377053015e-05;0.0;0.0;0.0;0.0;0.0;0.0;0.034340842036729685;0.27959672905663224;1.0091611798548303;2.1982609121803582;3.984521691405179;6.391971698418041;0.02417305993831139;0.0;367.2368805451257;0.3961158208123451
TS021;L1;5;T21-5;0.8712682148509945;1.2288471267552206;0.30374795522714365;0.17871591206260345;0.7508298608630919;0.08011590560787918;0.00016185443212517198;14.079445602766807;7.183630440215158;0.14052207031334218;0.01912456357977319;0.00020481231592916447;0.0;0.0;0.0;0.0;0.024700238079528557;0.062437670907746795;0.44748148125533255;1.5843752885888762;3.6537967169370105;5.873806971688596;8.436608459805631;10.919715517031403;0.05752108933837972;0.0;333.7986042492439;1.1413434135541527
TS021;L1;6;T21-6;0.18132022737854875;0.9832124718278635;0.008301650300876026;0.02027666798271767;0.4544041006046986;0.024862137659415473;0.00019076021337739404;14.247418255939627;12.546231429457302;0.1310833754302632;0.09580641989406166;0.0023023290057953153;0.003589919603379222;0.0069846483779608965;0.005483278443277371;0.03343755544929571;0.1502923176560537;0.3184346118727857;1.3698009468629508;3.574466331243278;6.837767960643699;10.363392353248036;12.832843947940937;15.178986969034167;0.01835758875273163;0.000277180180008777;504.12391791804487;1.9994428385441787
TS022;L1;1;T-22.2_first_Ap1;0.37893291712185434;1.1054635066646115;0.007701169212500207;0.19556205749964828;0.4910600292247486;0.30637144313583253;0.002944814399743931;10.452754022891774;16.858913687518346;0.15173201522571003;7.862717101475213;5.134138041883185;5.468886608891531;6.231385032627008;6.650377778112713;6.794832685884547;9.034920169745135;7.950032165913755;8.825346580936671;8.704979983147469;8.580414570573916;7.89130235910324;6.411173726469272;6.269780454818401;0.03308651185576682;0.028552050342810283;357.1221480087668;7.630037980369652
TS022;L1;2;T-22.2_first_Ap2;0.38994803609470524;1.1239954361698512;0.006213332285268534;0.046579286238855856;0.35340979278226664;0.22421590854005916;0.0006195847630139085;10.583737904418683;16.11675975632037;0.13756560421553707;6.6056595314961495;3.6691550929805627;4.051037487980303;4.5267091880261905;4.766454453372465;5.251080133424348;7.017337818296825;6.317190268748635;7.385879424237008;7.801015736089741;8.009257494412992;7.343802409001093;6.181719915595881;6.109156881610506;0.022947369547150345;0.025809228258817565;327.92549424261057;6.272961781796604
TS022;L1;3;T-22.2_first_Ap3;0.39149734697610494;1.2464937029781444;0.005362196213526138;0.05287979679825124;0.2572794219877563;0.1668789068511583;0.000983427217337048;10.427153723141867;13.799696054577115;0.15249677140474324;5.0163900260731165;2.5931280037475264;2.7748561978508954;3.0805784304319044;3.109508928298772;3.483591998931254;4.950434500223568;4.631094559690473;5.764564292957003;6.267565246290156;6.703463105741308;6.360720559465223;5.48784867787246;5.6003573966615665;0.023929396238638267;0.024261993610134536;366.52185193385964;4.825751810488146
TS022;L1;4;T-22.2_first_Ap4;0.3351326318658908;0.7423222376272522;0.0047886053667458885;0.04275263268302721;0.2921135016827446;0.1281083846100095;0.0008608283734169187;10.085587381836074;11.789488421079092;0.12887173433750157;3.935267039674324;1.8857794022160685;1.914532123564053;2.109307051077059;2.077886941733138;2.460028886840809;3.745240792765696;3.566642216849331;4.619474757096816;5.3126904033333995;5.827558070251915;5.523920212480082;4.934732103334502;4.996889232831218;0.018923749337376457;0.009735958188040473;273.6569439413895;3.8031465312055737
TS022;L1;5;T-22.2_first_Ap5;0.34509177709104355;0.7227051360349184;0.004508772123301739;0.021455428210596993;0.3005507209442837;0.08886194302319658;0.0006016776848742037;10.143095860961445;10.811834879962523;0.1267600633219116;3.2616193174346346;1.4555655845722242;1.3500913603802367;1.496222559907715;1.4145857897554275;1.7491987265483462;2.777061710901604;2.7433725028262006;3.655842817208779;4.522705816917092;5.146168266461397;4.972168971904054;4.519838573267469;4.750416074624654;0.02077849859125673;0.011204826410708989;229.45923501772856;3.1877668580634926
TS024;L3;1;T24 L3-1;0.16221642542407758;0.5831136314499669;0.0015949523165466114;0.03373085204422881;0.3131369020513839;0.23862049404994035;0.00044004386684712326;11.663836134465134;15.441620416543385;0.10358569077707566;15.165135508885058;1.7808684599686249;8.516356754377933;9.099786074461703;8.86086442855888;10.316275561560431;11.734395173630045;10.154054553327805;10.351860485538449;9.971622256280563;9.224506589530607;8.057527471888045;6.386503983214352;5.59307403605459;0.003049512145368287;0.03233986954136765;358.48921954296526;8.24941548379928
TS024;L3;2;T24 L3-2;0.16041045715493987;0.5828613479219228;0.0011503433867055294;0.013531694964738945;0.29549157472711746;0.23435072997281958;0.00032020455474750725;11.46335967202023;16.203727450797018;0.12612094808378665;15.407602675762666;1.5617012747528374;8.111760568666185;8.978927508745963;8.608098113373712;10.35553889319091;11.443545492767448;9.651301304998688;10.466431984500213;10.437342542921527;9.366420179070634;8.224747376626722;6.768456343762009;5.642830325357283;0.0029725156209400557;0.017420112091328818;398.8187315664604;8.269423132176671
TS024;L3;3;T24 L3-3;0.17105607515135182;0.559317251781397;0.0011548509944461754;0.012785272709559425;0.27572132999937576;0.21814163870199685;0.000324864416038984;11.81001964202246;16.560201190995734;0.12955550961939188;16.26537468265613;1.5740692090824668;9.039943437105212;9.712657900736517;9.051502522003364;10.957750866271668;12.001673696593521;10.156640866436174;10.955269196494394;10.951543874641562;10.227968041452625;8.764752723564353;7.158942490951744;6.120577125357952;0.0025447845945042293;0.009859429790440216;423.1557773113831;8.687451428775748
TS024;L3;4;T24 L3-4;0.15651890157646237;0.520733751659447;0.0008069048772170733;0.013067477102575218;0.2880205669656306;0.20549853033569762;0.00030145874788172915;11.776059345907926;14.935734759656317;0.12758902601697963;14.632835896403767;1.126578628023852;8.001629980618578;8.450201055333054;7.942675559780266;9.835863689198579;11.58002549217308;9.28270312619983;10.472307666080939;9.982919722504942;9.340135772117453;8.156251494852164;6.731172624538237;5.823216239667784;0.003790747090050566;0.0029810788487554243;399.64479947841056;7.693777628331033
TS024;L3;5;T24 L3-5;0.179174775651716;0.3810577628060584;0.0007628709451221113;0.0009348816344860692;0.26366823860034005;0.1624834199014626;0.00039832022106681044;11.252985295787244;15.715532638940049;0.1144738698755084;12.543581470975584;0.5991180561768975;6.068212430454009;6.7490730398278584;6.337712679684797;8.527982373142638;9.644767820184452;8.344573335737186;9.717933540391654;9.577517965204885;9.468641265822459;8.50411982858196;6.593921997092299;6.000840285929091;0.0028413468775428494;0.0;266.97217983826044;6.7607167973727025
TS024;L3;6;T24 L3-6;0.17447981901606327;0.34298078123416365;0.0006023447235743686;0.0010126658164383991;0.24247373587039261;0.14225624807743759;0.00033221103456358367;10.865471561658289;14.211501027466046;0.11388059973322905;11.914759713845843;0.4788784676320391;5.555195142238949;5.998269480648865;5.638857100301309;7.183554254440065;8.503217899726057;7.5737646347611225;8.825916767323932;9.133645117690865;8.823038986156456;7.814275704746456;6.4102498337676606;5.439021668997077;0.0024985176515655025;0.0002388012511485193;263.6024292636888;6.182912608818643
TS025;L1;2;T25-2_Ap2;0.26056900459722737;0.8076582079194827;0.007503811516366299;0.011844811927857985;0.3346373121738315;0.8012824602926031;0.0012334226398315932;14.27703859177492;46.38054872759068;0.2295206845620212;31.008951347035655;5.3853578697087165;20.10092859998577;22.001880079744023;22.13970030783262;26.623774924264087;30.302847690526125;25.18893711307855;27.123052304598588;25.471252505583504;23.375660034251368;19.276210103235258;14.225890646764748;12.54428790581696;0.008339508407843668;0.0384863844837435;260.51475683430317;20.595373722669823
TS025;L1;3;T25-2_Ap3;0.2620712802456543;0.8521515946051251;0.003022039127046767;0.03467857993769454;0.4609148008634619;0.48446226867871783;0.0011752166966214179;13.593027033719904;38.98793700643523;0.25102299846511417;23.28558578570379;2.653409703124725;13.046291240635544;14.384360336499372;14.05108817348901;17.506914738929222;21.079186769181998;18.18387739974139;20.745433151216552;20.524868882364878;19.4600123208713;16.690483499407122;12.52802491792849;11.302071342105128;0.007134269077269767;0.0027920133305164093;194.47036701593623;15.009912789584467
TS025;L1;4;T25-2_Ap4;0.23833746496571304;0.7366459265557503;0.0029988241272280616;0.013476625356003502;0.32362543884037215;0.2883432279820771;0.000914260009190875;13.23544863665069;31.484845131819352;0.2054804604921285;16.19663187880687;1.2294788639029286;7.9223170401998315;8.717992205793653;8.06091719579653;11.251983378948037;13.83392521334796;12.31210722248914;15.106321200675515;15.647302280051168;15.416297012698148;13.551878214728774;10.851924610066197;9.843807585553117;0.006872118912521291;0.0006793708592308685;151.51058546062282;10.534690260677435
TS025;L1;5;T25-2_Ap5;0.2365188342464732;0.7932882506908304;0.003115515539447638;0.01864278991986908;0.33959123476480874;0.18297504610264742;0.0007247358222705585;13.335320375710563;27.25556264325922;0.21280791781382918;12.560541412760307;0.5986096504124577;5.169923916178573;5.770840928779408;5.394566084691417;7.545533262195508;10.084681742519983;9.620679565148226;11.982618915266004;13.273537812332346;13.609311210693217;11.955658707083893;9.729042199124445;9.079669116042735;0.005092626172645862;0.0004504157348780246;142.45812220185857;8.221315508044315
TS025;L1;6;T25-2_Ap6;0.23589794751652524;0.7322712774445913;0.0032181215828735914;0.02203900727193508;0.361806494763422;0.14604828784976054;0.0007263605671951298;13.361107208430198;26.18888071248182;0.21022562589418653;10.876632756672635;0.31355096981689146;3.8825778552592025;4.328806692288442;4.058882288722626;5.7734240131294845;8.486946722004312;7.905458179404956;10.497549083901196;12.075857165540278;12.74079778271009;11.323981483230643;9.474826530241826;8.981375416926966;0.0069358857028207835;1.257194298831695e-05;147.98300835102268;7.256016682264864
TS025;L1;7;T25-2_Ap7;0.22696617564063223;0.6605939615536298;0.003124244261991186;0.045645319603868965;0.39623087831160525;0.11307529180212925;0.0006841800891542537;13.226526991234975;25.103793091855227;0.20770701068791972;9.53588505717012;0.22222312070455913;3.213768839662567;3.5397608015246913;3.210464030835241;4.869643336805494;7.309935041212264;7.0199743125482605;9.616673196901031;11.251433450001596;11.965095387216623;10.824704159961952;9.05119756341461;8.607974874430376;0.004405472653783479;0.00023366208287077457;164.65194230287744;6.593115718881311
TS025;L1;8;T25-2_Ap8;0.23698744713001876;0.6174289811425351;0.0028207856047366858;0.015888308077551108;0.432043910313809;0.07526480013390485;0.0006019945430033269;13.284862688595469;21.0685611110145;0.20031397463660383;7.619842687960893;0.1268371415481389;2.2258863862446665;2.4992303400379297;2.177967553699207;3.449225870841678;5.413210979442291;5.333207418814864;7.673790826249582;9.095606769765288;10.078239079215868;9.100214709990206;7.880741597565894;7.546298198321806;0.003830960993247319;1.3143991257442561e-05;167.28063364661074;5.309121817021445
TS025;L1;9;T25-2_Ap9;0.2296304618604473;0.5715683407182588;0.0027381644024792704;0.012380688586786615;0.3790176044718733;0.05713798257913857;0.0004491899135059331;13.278881402401964;17.372168584894283;0.19993576720835624;5.850937266578167;0.07622383422234155;1.5480930760439555;1.70834164185985;1.358361747496185;2.3816105268747942;4.000063893885086;3.9986985239844484;5.903564290324677;7.233150521878822;8.176834395365876;7.750117423171298;6.614619776311429;6.435532274440061;0.003783520562788161;1.2820973460692503e-05;161.06696976443007;4.187346883206175
TS025;L1;10;T25-2_Ap10;0.22801504345065984;0.5360960256959839;0.0025489934257884195;0.013702475148495326;0.4313621478969992;0.0421568582464473;0.00042642932214073827;13.613029476149444;15.070424546386858;0.19657725578039664;4.654111333278703;0.04887651863808001;1.026090393199209;1.1325374803653314;0.9468851137821132;1.6708273268350466;2.958683508430082;3.023905526964796;4.693259280408653;6.2237186288495225;7.066805001886427;6.815905504474246;6.00402525521554;5.816182161633296;0.005002606576678431;1.27287879921296e-05;164.9600609847587;3.4562966211206767
TS025;L1;11;T25-2_Ap11;0.23302198927962442;0.5125936384984875;0.002628733133228931;0.01652299732201023;0.44328975108250707;0.031249443251672015;0.00037557383973626927;13.561596398627666;13.927005211214896;0.1910891393277812;3.828011741033508;0.034948969257156674;0.7522012824863724;0.8142632729023882;0.6624830507978093;1.185583757845162;2.301381222316406;2.467097567854421;3.986750043282412;5.436508057321976;6.309785572499861;6.133172643088962;5.421860507921516;5.520335720562984;0.002907512209010614;1.2984205796416881e-05;162.76921755247736;3.028835875653132
TS025;L1;12;T25-2_Ap12;0.23088633450916377;0.4508439595877628;0.00225286055532205;0.017091356291027128;0.4011889827867422;0.024106196704066774;0.0003322092800599757;13.101849635493249;13.265947715590052;0.1860964058882482;3.2068439207429904;0.02348814956496;0.4868901269624951;0.5589401925009371;0.4488413765078025;0.8489880689821742;1.8499516846222728;2.0300982551446336;3.441739223935154;4.962691656126296;6.057194766814846;6.075836469741966;5.58093240496995;5.696286730354086;0.002519283647687034;0.00024217020630464678;155.6136904839748;2.7429667733520806
TS025;L1;13;T25-2_Ap13;0.23707255119521561;0.4564820003369471;0.0023347619313030966;0.022780276629240082;0.4724375740762267;0.02021845890162836;0.0003664706536883609;13.162373590213571;11.96527255662;0.18740269978068486;2.5351953153017077;0.01695513358018664;0.33727876195924766;0.3740419434168829;0.2827889637517851;0.5671834225470053;1.340649791387761;1.5896547563820573;2.850289131761649;4.217956283038993;5.331386833748116;5.488178092169895;4.9693618010157055;5.243715285591899;0.003515641689840715;1.299005259081457e-05;150.26720299257389;2.3621164530681997
TS026;L1;1;T26-1;1.3820486342640879;0.7770590071133142;0.011432253194499052;0.046622121424782045;0.29503066551995866;3.8548608849378354;0.0034926853182021787;15.168176517365804;229.52269902337633;0.3996912107536768;197.47455112020998;47.108905640010946;147.156972685604;154.4149611242732;144.35621151155863;169.2585942503061;176.50770391005426;155.29408987782583;163.61844226533196;149.07576304958744;132.56907792480823;112.17459554295307;81.74800590123037;67.05937321141899;0.04709912981642619;0.8982933727040939;52.86295738213799;129.62201426772575
TS026;L1;2;T26-2;1.3173842236728865;1.077751081296446;0.010260656901574749;0.02265037407297838;0.1821504610941058;2.6647757129863328;0.002747690322130941;14.080468998328849;199.394164874552;0.3534126350279034;151.0323198023539;27.405408205207912;106.22738415446823;114.22160043619405;105.60169259422275;124.48822254533081;137.1477864706684;122.66154004797441;136.75654154163388;126.19505850583528;114.17388978202158;96.35640008217749;70.88113611347603;57.81846140867352;0.03801690688321323;0.02244477285029806;61.957313143117744;98.59080238210369
TS026;L1;3;T26-3;1.4438777331540016;0.6855666994492899;0.012340135504093899;0.01835691365429499;0.18354376620177157;2.14293457742625;0.002864405687193764;13.542675682507227;192.23901979356884;0.34744579326530095;142.0423104195874;16.706735474676435;92.06632091673136;94.61694926537201;87.48575565557788;108.34830598734939;125.66613932493418;115.105401980022;127.96716642645218;122.60500420179699;110.81899076589302;93.38951804156852;68.80274724385647;57.111806067420886;0.026762390655624656;0.0017239560496132673;48.96252442239578;87.24616842577345
TS026;L1;4;T26-4;1.4129538228988567;0.4627193673649958;0.012434323957030655;0.031315413672113476;0.2589143660009739;1.3779079800719882;0.0027210113689327;13.896827468320748;164.28730318698746;0.3379810772723417;109.65192960370943;7.008293448122311;59.57679644641212;64.9519729760229;60.438884540320736;76.85702933006736;93.40863186056556;88.26086238409314;99.54525425476287;102.68667127618397;94.35796618859922;80.33912184530351;58.72775472415713;49.56565396475457;0.0271323142579697;0.002190057490381836;50.410620866363736;65.4003953096627
TS026;L1;5;T26-5;1.2453173984125951;0.43287851599102706;0.00912493777690599;0.019122623092762237;0.20031707634599988;0.9926860637754436;0.002357278976129384;13.35801741953511;146.82853490222902;0.3273514362740858;86.5960112098439;2.8210267621505603;46.93737353715767;48.153897138711926;45.156810748321455;60.08483087023611;75.42617512322283;70.76034601944899;84.94579526082455;87.72570881139224;84.40760604143769;70.25133908218756;52.72297005877153;44.728419618656694;0.0175862235727473;0.0;56.261903835320936;52.70740773143053
TS026;L1;6;T26-6;1.2123755397513758;0.42034175582902394;0.0055206780564520394;0.0141066570513179;0.3673590887197375;0.7967610520153282;0.0019223593375031843;12.658951508317024;120.46560533202135;0.3390403335990411;68.700382671416;1.3865832193849854;38.07190875226654;39.53924588784638;35.72952974289534;48.54315995855099;62.42585923156595;57.67108435597839;71.29399291308688;75.21760772436447;72.46708420103104;62.136331563969094;45.57941853764411;40.0584351748875;0.022140088554489026;0.0;58.47605539366182;42.563177464636425
TS026;L1;7;T26-7;1.3003093224803965;0.4838316534655485;0.00328486053086104;0.012911655851485813;0.36949715845368664;0.6803684173573887;0.0013550116911960133;13.661953013415761;85.47568204308554;0.3485179149291888;55.60537360254557;1.992246096811579;29.13050937984328;30.177117859150073;29.624938955514523;38.362123328963186;45.82088703642102;43.726214097750066;52.57329642212204;54.64087952833978;52.37796378188666;44.83180692155829;35.26144689198726;30.429637013151112;0.012740362400139598;0.0;81.17931935254582;32.523290234535956
TS027;L3;1;T27-L3-1;0.12452944518284809;1.903485267547252;0.03484596806471537;0.09864291254284263;0.32208976951192136;1.0499464423110072;0.0004662538487705009;14.915555150471526;22.162349422752754;0.17904644234945782;31.275153746168836;29.933351869796986;26.497773967910483;27.906732709156966;29.145761322858956;29.622628728707173;31.64403613633737;25.952142963567404;25.981900982180065;21.36219802189854;19.338467589237407;17.46729871430449;14.959404410285117;12.890050772051632;0.05931360286825525;2.401360909977257;378.1165890374437;28.195449658623936
TS027;L3;2;T27-L3-2;0.1251101858189056;1.7241432150666816;0.032652985726988215;0.05770801179379796;0.3732508793008011;0.557570682457934;0.00047287950365803796;15.4790766177194;16.31493578012382;0.171147417497599;20.704393636716258;17.492244455449214;14.874472285488682;15.310092389094534;14.979890806758537;16.834058285653406;18.265664944281887;16.091466177129373;17.072412929142537;14.777925390746276;13.832187679127946;13.353889584114517;11.565888427180854;10.38797878614777;0.03654377350550338;0.02765296981812674;357.4298289845285;17.246677181758066
TS027;L3;3;T27-L3-3;0.2870139421614793;2.0192420907546773;0.23011286440406992;0.3753735012097795;0.5044421489103176;0.4362909873285835;0.00044407838844019487;15.306931242897631;12.799030423703355;0.18423308552183829;14.584001975549658;11.63562575414138;8.727094026941295;9.257468164057777;8.803207465307628;10.447110029143902;11.619665311821644;10.741609803837695;12.24930833401337;11.224106111818994;10.72877579786944;10.562469052245218;9.886343298122336;8.698996740068996;0.10045665639138253;0.02197435292041055;400.16996946892715;11.714672163491818
TS027;L3;4;T27-L3-4;0.11147838948653434;1.4413740802137613;0.016178438398395303;0.06045120888372051;0.27629685734091636;0.265993627981713;0.0003875739165002889;14.200804187128318;10.459602462642271;0.17424909498689087;11.410024172763963;8.308371557728837;6.1383271644171495;6.334806623675618;6.0260493242205575;7.383365751910498;8.365092453657915;8.154214597535509;9.831759453616636;9.336750312464046;9.071970746027622;8.7355529390058;8.452151361624978;7.620741752325743;0.030205622891478205;0.018576481801890938;396.87487804086015;8.737187917734058
TS027;L3;5;T27-L3-5;0.10938059637608051;1.3729291728680741;0.01304210966812315;0.012781211211707545;0.5168422927149808;0.22425344526988839;0.00027503009929994836;14.439874096026827;9.808858416440694;0.16839917422549172;9.670939693196592;6.762321553185255;4.819151860676848;5.279150045007697;4.796966980034669;6.226072006467593;7.50097767860115;7.242869853939239;8.215645073499227;8.212009145698573;8.121948949320949;8.102861068470297;7.766045845535481;7.46460857769886;0.031154573250029922;0.02166612416540361;395.7000787554848;7.408559599610242
TS030;L1;1;T-30.2_Ap1;0.09480536948498251;1.0523553921113178;0.006829986297353945;0.0905336649710331;0.35439171008877146;0.34764727055743794;0.0006387376965219519;11.808310377302123;14.341035377575993;0.07536610176333615;12.26837937715911;5.47746501371874;5.478427439773911;5.831572380900588;5.536667551770746;6.573943002762342;8.314816465191441;7.16601436611344;8.432217948449651;8.462041362532105;8.308758922181477;7.3075820921604535;6.054983533225265;5.433389758018947;0.03760936998522659;0.04930320653845203;717.4055104235701;8.10323134573355
TS030;L1;4;T-30.2_Ap4;0.35738977812912603;1.1589385102128726;0.0694472317667413;0.10264401620232935;0.24128833125595653;0.2563540904481076;0.00043151252101139104;11.656512634202763;11.3572028565879;0.07754597715983329;9.262817994479096;3.839757049795596;3.7007710561444;3.8427663301096757;3.6171476821686115;4.318542591794592;5.758271133464763;5.193911834091795;6.171219747380617;6.489341371587926;6.589759572769183;6.00747822687737;5.077316453966194;4.796975150648467;0.08969916661966244;0.06474240763393738;785.2613144676537;5.948677656539538
TS030;L1;5;T-30.2_Ap5;0.4671628618771347;1.1547928216015375;0.12601337851488625;0.09153196981104977;0.39211798442330864;0.23457393513941183;0.0006842607676227211;11.441779772457954;11.030712664839495;0.07133966536019094;8.356754831448706;3.385294070333347;3.2459089123586664;3.463379424532712;3.105375900795273;3.754440377016072;5.1942028801179365;4.627251368567289;5.648544285018764;6.04633594499678;6.274546670457197;5.777463186457954;4.804416242142343;4.546646195675775;0.09112716665442991;0.07822851257048458;790.2297370626508;5.439221111367016
TS030;L1;6;T-30.2_Ap6;0.3530900735026681;1.0739433951536985;0.054333566484337965;0.11736078083173666;0.24659480902346445;0.21559509158373472;0.0004202267238397346;11.264094273123073;10.340833821279135;0.06904532241900073;7.646947733823394;3.066798030890205;2.8617029266757035;2.988009245941822;2.72176013731575;3.342307872769099;4.627247187149048;4.171376299687283;5.198448987251487;5.548677553215651;5.841904953596959;5.527409060529824;4.639792438380951;4.455659280183805;0.11359437734263786;0.09722497378260783;680.0863918977362;4.964647294346091
TS030;L1;7;T-30.2_Ap7;0.12837068879669364;0.9572546403367118;0.012468609126481543;0.07102029926115935;0.2738470249767628;0.18093715305353128;0.0005304658690559536;11.003345428569155;9.580119215995694;0.0635551768770052;6.984615149554601;2.7180929334852286;2.5598464415015627;2.656504451732759;2.3782365756499613;3.101467005814846;4.17675699208991;3.8173638243837913;4.722606452829356;5.260912191506359;5.30834677586763;5.016876240081794;4.484594170320898;4.152333313486984;0.060217745522347745;0.09192336521517647;737.6790044579432;4.5066684535615495
TS030;L1;8;T-30.2_Ap8;0.4608574491980715;1.045919536890254;0.08918866336102517;0.09772705313897115;0.26940699016813086;0.2243298331219012;0.00042872348158965796;11.125478741188877;9.278594865143459;0.06666124887887329;6.610621359719491;2.5071281119952062;2.347397645687958;2.4194252610032323;2.165700626428654;2.758149086309604;3.9008960701492255;3.5847219250544162;4.506172411521083;4.7934366857105575;5.1765123234388914;4.8901159176444455;4.3147024602844875;4.207535115201831;0.1217835330048298;0.0953069763688958;742.5681543070228;4.249260184244086
TS030;L1;9;T-30.2_Ap9;0.11872104345447186;0.9876195839762718;0.009751819656016417;0.0677625687886712;0.2612166023197583;0.1525037953862532;0.0005136851409264037;10.939980611086138;8.82145805245363;0.07069224451895549;5.965299815678767;2.2331770326445417;2.050183576745475;2.123879178471486;1.7747773309998707;2.3624665229068755;3.4364989418696164;3.1863121326083372;4.147838128385066;4.5291676517630295;4.812897998958187;4.580756960476731;3.955823245712548;3.8489306444594797;0.06941570742534035;0.054668504399966816;709.8205135256196;3.8674708087064698
TS030;L1;10;T-30.2_Ap10;0.15876356950725823;1.0361407970472218;0.014765056446282938;0.07985711374108657;0.23356739157572967;0.14940540730326768;0.0005709493647739615;11.412752621950373;8.153374003889482;0.07178236673777584;5.564527841875488;2.09148067953634;1.8643856217447878;1.9158871222649898;1.6181302625928413;2.255676531187741;3.181984131300921;2.947527956879932;3.8233934415781365;4.1550199559835415;4.456990306886584;4.165523723308868;3.657546092664601;3.612693577310236;0.05736417401883552;0.05987864711295989;713.2837919186779;3.5854511703803076
TS030;L1;11;T-30.2_Ap11;0.23398363680347325;1.0129915783234957;0.03221254350034048;0.09931268065584035;0.33324701000748924;0.14712294498577588;0.00047782109021636787;10.761752669544205;7.79638190726914;0.06277260389717007;5.384274621647204;1.9476276181186631;1.719896074231563;1.7625189355149713;1.557030416534947;2.0228074252068766;2.968708270532167;2.7638696848160174;3.5147161624128334;4.004604368491225;4.229580574936109;4.120189203521867;3.5102505236646495;3.4090821080274836;0.04221452019041388;0.04219046184482121;768.7998341500409;3.401552505710334
TS031;L1;1;T31_1;0.5675858999234026;0.9174248370052834;0.05063769732786212;0.17343598646893454;0.36670666139421293;0.05413357332588374;0.00015448104787938716;13.930425776096634;0.6446046954129339;0.17523690090856106;0.6719075819739537;0.40353082489531866;0.5070610996679974;0.5142584586640871;0.4748687932507283;0.6020213312357758;0.5864405717085418;0.5409573342766566;0.528951333458565;0.5298081674931021;0.5383079577578604;0.5649206953038075;0.5394372379644121;0.4645214231155048;0.01109384806502679;0.03553737712322857;1681.1660986984266;0.5192243607458936
TS031;L1;2;T31_2;0.5680176975890405;0.8807070577912833;0.06131635974379508;0.14558242724170958;0.32233099947515154;0.05059159601692694;0.00018362173345527123;13.495277793388937;0.5035851388213435;0.16497670437422382;0.43239718997212817;0.23687841916366548;0.2858463781331307;0.3061528749784645;0.2727649168113028;0.30827296301781676;0.32908596535392687;0.29899324123506593;0.34089096618669534;0.3495398653062915;0.35532529802835916;0.43953303640812974;0.45771405460776743;0.49520982922620665;0.011709962984713263;0.0;1748.9730352066892;0.3310136150767891
TS031;L1;3;T31_3;0.44490671170028356;0.7297061497347318;0.0036858484396106853;0.04611391968110096;0.4705356621234727;0.029336074767902183;0.00012719735639962675;13.606716291758124;0.38558897944935705;0.15438624333272144;0.3233341581313226;0.16512267257194924;0.18217185914562672;0.18102865350947314;0.17262819778922106;0.22801060143580892;0.23514953947006884;0.20747224755695834;0.2606908010181749;0.2855301221608144;0.3184020511966829;0.3205291460993594;0.3414681941860623;0.3391897115990627;0.004231796372056179;0.0;1612.3349635332988;0.2351916977484036
TS031;L1;4;T31_4;0.46751073023483514;0.6413793060057161;0.012997457143850808;0.06571550835904007;0.4924729378235028;0.033751186288494356;0.00011271877547412564;13.388708456269999;0.36831206488818885;0.14362510660799538;0.2699268059576239;0.13645900091231386;0.14925478453369706;0.15471117486322095;0.1218562190577714;0.1665397340947531;0.16946948229168105;0.18119574494342625;0.2477082683917357;0.22920643444576555;0.2730562688923745;0.30071294935702414;0.3237514459478751;0.37790203700095326;0.009317733006796107;0.0;1774.8054405616454;0.20237799311142157
TS031;L1;5;T31_5;0.4534593048831838;0.6065169280358402;0.0018640551765750405;0.03728253645876387;0.37044920832136585;0.024493386218319434;9.116276825393515e-05;13.49452148592662;0.2851515194008458;0.14516090007530721;0.20814363365837488;0.09756671293094946;0.08704659148334414;0.09669992124092693;0.08974875766230057;0.107713498307056;0.12251547004879375;0.12486413495500057;0.14426111045352688;0.17278683091993563;0.2230183066972499;0.24669363476886216;0.22666062102528153;0.30191927829379755;0.006998807732580284;0.0;1622.2095970767564;0.14711183597239014
TS031;L1;6;T31_6;0.4622730709026081;0.5184905020735497;0.0028762495436926994;0.04831024045565365;0.43065432484699556;0.022773394372072823;0.00012363950211634052;13.632573643008449;0.21183352784085763;0.13712837380332327;0.166130790467847;0.06955015253179336;0.0658420881258543;0.06308292996453212;0.056283775387692435;0.06250663492173342;0.09315098299739402;0.08048750124876118;0.12419118463982105;0.12949438864866855;0.16646589397293007;0.22652156548621047;0.22160792957346645;0.2900618668813202;0.009399856033748008;0.0;1767.4505595512692;0.10990186379613696
