SampleID;Line;Spot;SpotID;Ca;V;Mn;Fe;Cu;Zn;Ga;Rb;Sr;Y;Ba;La;Ce;Pr;Nd;Sm;Eu;Gd;Tb;Dy;Ho;Er;Tm;Yb;Lu;Hf;Th;U
PR003;L2;2;PR-3_Ap21;360000.0;8.765215016777903;82.28801645421804;76.83241956765134;0.7661533682615375;102.1670608118804;59.8742187554421;0.8295900816166376;3639.118114194576;5135.67691075259;89.29739512721358;4894.94595079851;54.80471079902914;1060.033698328677;4247.774730712111;780.1377388434383;230.29107575089782;899.7102568597752;140.97532373407302;840.9324523922623;148.5405274763215;351.2743097281145;34.49863417470765;158.47640521327426;18.052973050037068;0.15847192286182424;0.11442883610659801;312.72912208936907
PR003;L2;3;PR-3_Ap22;360000.0;8.509712172726838;81.57102456771835;100.91814843162983;1.2602266746908646;108.45198215077244;61.317432332012665;0.9704231732875362;3655.6231532649317;5162.866622800012;86.8615711403758;4992.543005156026;57.85255189361584;1089.4768449265953;4364.39174304264;829.1162040228892;242.16774091196515;918.3159237352112;147.39122562955242;866.7631000097514;153.83743658108403;362.400720890667;35.4101908990456;158.20756496111213;18.38185162853133;0.13210543084715198;0.15863831418812496;310.0429945342202
PR003;L2;5;PR-3_Ap24;360000.0;13.452466282132864;81.85361046781598;596.2916784174629;2.228738786125578;73.48945531948608;62.265795650960214;1.004625087885444;3626.1654573028804;5234.012827229682;84.36366225817315;4996.663488462343;55.3307556521396;1070.1051409214542;4337.784168115482;793.3176778244298;237.4858289954165;919.5278636088359;138.60506113501108;848.5153816280313;145.34132954795174;347.1544884754962;34.5143855407435;150.7874886229331;17.585739562916594;0.14894920499200281;0.24273003024484452;288.37258839659063
PR003;L2;6;PR-3_Ap25;360000.0;8.327681175222573;82.54033255767911;84.06080905952972;0.8476536177087052;96.27712749537618;61.71634597461314;0.8339327028373215;3606.369823023025;5084.351335870032;86.18225900706904;4970.508429692007;57.94276864428249;1091.1056126855888;4335.531964109051;793.0458822653884;232.0599052307139;899.6832930730276;136.09738532808353;826.7012626682913;143.48782917643769;335.5125791414371;33.695954655752374;150.18197540040157;17.349032644228554;0.16369073969554165;0.4513120565980664;325.5102964947337
PR003;L2;7;PR-3_Ap26;360000.0;10.062250464462794;84.75493001180877;203.5294543823703;2.882399326590924;115.40282362039568;64.23742368153361;0.9392511507058209;3538.258060844168;5238.3360807558265;88.32539353084772;5148.127978292207;59.244735670313766;1126.6463646318875;4529.306572684111;839.5701691183101;241.33456651971292;940.8761589949365;144.92910853104553;878.7549647997297;152.84622984430084;360.60938729822215;35.835162042836856;163.83535052286695;19.01896162797232;0.12118540124404482;0.576155332624555;346.00035797926637
PR003;L2;8;PR-3_Ap27;360000.0;9.431871952542894;85.55303336937008;75.51811930314763;1.9103514341478691;115.05815951931298;59.058654427206925;0.8688083254801022;3685.582763675324;4749.006798744609;96.50482482926726;4634.482933721282;55.46172197484055;1027.544435292065;4110.166329314837;749.9012044594136;216.1451509512296;839.5133038777229;128.61441526332692;763.7335813969319;133.9640635768569;323.824050572238;32.276279886081646;147.7971898805882;16.886754439282228;0.12630109122674502;0.6110054460687492;318.0999949154193
PR003;L2;9;PR-3_Ap28;360000.0;9.22640683641739;88.5715609757338;89.35055254726568;1.9659228927271768;122.45181214988956;60.136601465941176;0.8101554383251345;3595.4463666141914;4858.800548178435;94.33370358722871;4796.5576012363945;58.26944363957341;1076.5872467918111;4305.9865886604275;779.866423115739;225.81523468308018;872.0395522110241;136.21753950001204;819.2267483802245;141.1726270206992;332.5672537314603;33.28327553695035;147.83239387622126;17.134932838230394;0.13337795881992653;0.8949324049142239;320.4245450909163
PR003;L2;10;PR-3_Ap29;359999.99999999994;9.082759277283563;95.13594415411627;83.54440218317927;1.7615533282945466;136.1327651622616;66.34244560127148;0.891260727195706;3556.1893796284594;5130.605155989725;90.6105814464421;5126.670389852816;63.44407352442731;1148.8678095861114;4670.661917745103;836.109210355624;243.62806362807652;957.0812914075957;145.6004552106615;870.4817132941578;146.90294436153357;349.67273152164597;33.648073838145145;150.70038224195517;17.548642719091493;0.1409017852471516;1.3451369389958399;321.266114607218
PR003;L2;11;PR-3_Ap30;360000.00000000006;9.924920357285822;107.20540775473359;120.33647568318345;2.0420158696795627;123.50822874228426;63.62994919751659;0.9265498751140704;3508.0382690601277;5164.773762831997;92.25689220419866;5087.623461889786;62.9311987987369;1152.2271634322185;4484.2328044980795;826.77910054219;238.7591838618445;938.5039353199189;144.97530475898276;853.1769736209068;149.72212495340546;349.33871968233143;34.56085053731172;155.91126130926557;17.762602895542358;0.1486080902716732;1.6400862047398108;335.68459320227396
PR003;L2;12;PR-3_Ap31;360000.0;8.975249099767437;107.11731657624786;75.13761302708755;2.7207523643049325;126.04124666717018;63.78740438695837;0.8788859721442325;3482.2614790054213;4997.611820079856;81.9768236852985;4976.595395773628;64.31255797914632;1131.1163387953973;4373.800956668503;825.9029448106726;236.06914064222138;928.4031617343135;142.42028840576316;834.5198728922584;145.90488671801208;335.43528973654776;33.467316177601134;148.0993494060369;16.711034757314838;0.14151950943909647;1.9832525035212825;328.8560966669501
PR003;L2;13;PR-3_Ap32;360000.00000000006;9.884333353407984;103.9990868129299;119.57325646998007;3.6038513718800766;123.2819780539243;67.44011981474111;0.9161486188104063;3527.5297942509346;5375.44567794763;84.00140221579584;5216.304512726366;68.18609389144046;1185.767297058301;4716.405236719437;869.1811208338308;252.91548055355844;992.9422048163012;149.47060764583892;881.6756411668783;152.44928023767713;352.0726565490703;35.02747330961272;157.40626562862806;18.236763536819353;0.14344614864362357;2.572146399068106;333.9200910317424
PR003;L2;14;PR-3_Ap33;360000.0;9.006452287898059;108.15335715509394;75.83064052946004;1.6292670438166277;120.7796605277488;65.2197000794403;0.8570109367171587;3568.659521305815;5130.78172817796;74.98399031398884;5150.146100905722;71.04512768560045;1167.0230020085983;4626.102832885246;845.6868943910918;248.21365634352952;953.6900630090902;145.58610233180704;862.3039898602069;148.65165960691016;351.4437434476475;33.93756378524516;152.43175571470445;17.299493373368474;0.15346838763196624;4.025101446606434;324.9250666779678
PR003;L2;15;PR-3_Ap34;359999.99999999994;9.471989433589533;98.63076683845716;95.72278475635538;3.9852595762509764;144.03211664077324;68.75152264137712;0.9538975930827517;3458.9804175573195;5511.853984827495;77.03599303321623;5282.320129611129;73.49839145133761;1203.7991395882188;4940.829983945776;882.7745662429671;259.6632411257025;1022.2391377669912;155.2754344025281;902.9410019589125;161.66877328095936;372.838582622882;35.275237662036844;156.9585159757038;18.162023188703575;0.14568532853415198;4.872140335900302;342.3324946475936
PR006;L1;1;D-II_408_Ap1;360000.0;32.75531863732295;32.914910202641465;195.39856159367235;0.5342118572226738;78.57042321710283;31.31518606742187;0.6818408533865687;2834.2410805676095;5185.654921315073;184.7794181171992;3689.187361608999;69.99088183787313;569.6530346078885;2245.757063883056;384.89383819293863;109.586322838;567.9811306447397;87.26338410067439;583.1667613305967;118.37225208863167;275.9427071281767;25.29841794532387;101.28878070025159;10.883592642596705;0.1373670163771003;12.746162157750273;394.887839795463
PR006;L1;2;D-II_408_Ap2;360000.0;31.568444732143785;19.9018682328573;197.85132113887602;0.9473164325811766;70.72535803152135;32.97030433721436;0.7067939650035081;2993.087102412467;5222.821381152787;704.0924897759203;3826.149457795729;59.74550117040758;582.4354778416595;2301.3983715217364;399.82925624239385;112.525795279893;583.9431458776922;87.8284608425703;606.5113413069201;122.71811248537615;284.25744453860284;26.945193220637172;107.35237735990825;11.545270107822633;0.12793415243412365;4.8888976970526015;454.93568000253083
PR006;L1;3;D-II_408_Ap3;360000.0;29.571651090498563;15.364056112366269;153.13693524474067;1.847917675492588;65.01304782278892;32.30233940487235;0.7273076390268797;2909.692719690944;5341.805225719915;258.68547595620976;3806.956178350488;55.276258944933495;594.7052064031174;2355.9117473327165;399.8108704602961;114.65931515253715;591.9332983870704;90.71480473623454;607.1304107251412;123.69705534570804;295.049611979864;27.525053656176084;111.84321852109588;12.209353176334707;0.1135888593990064;2.617873635266255;499.9800889096792
PR006;L1;4;D-II_408_Ap4;360000.0;26.592628537322444;13.947250601347953;153.58969926350844;2.4522098272374366;59.50377580399573;35.507553892788174;0.8157045464115981;2913.754671980922;5692.304893727068;246.68000772762093;4174.259710380928;55.18149412738966;638.8653110725171;2530.5913476910105;426.65575127462097;122.099948943981;644.4521114397907;97.59482541425052;657.2068611958827;132.1758292740629;309.7429146490024;28.876070173612632;114.09297501947232;12.240906780631654;0.11326048130938023;1.4914807494834919;499.7431201722087
PR006;L1;5;D-II_408_Ap5;360000.0;28.44454570802943;13.459759053115032;162.49308984995352;1.4156986611740527;52.86234785494781;33.33317161906935;0.7433214888122542;2987.5904426233005;5637.840783107464;281.3947815304493;3994.2983216437897;51.482788156406045;612.1178812798248;2404.5699532079498;408.6217780773641;118.28643053877909;609.6906612415403;95.39429071545798;632.2288282331825;129.95897393126387;305.490263212508;28.092213431629666;111.80089312813539;11.956910699788493;0.11978294143730599;0.8311219693662294;495.8545177841693
PR006;L1;6;D-II_408_Ap6;360000.0;26.05695037132522;13.843004392314462;150.0862611937283;2.5348115097803;53.87785524197834;35.51802173830508;0.8523690317601097;2987.8468673712246;6034.068025300516;267.689657053784;4180.916863757586;51.7826820687257;646.9832060111983;2588.096911306698;437.4355667857993;126.73427309074472;666.1093506615135;101.96012412659131;702.0012860929692;141.1612660033292;325.7494799750357;30.56076263372276;120.91834714977674;13.10563331660177;0.13121877257016135;0.46139684306897805;539.9956376555592
PR006;L1;7;D-II_408_Ap7;360000.0;26.68443584381725;12.206313805971748;146.87589570506617;1.7981497844961145;54.38347434476477;32.8298422696578;0.7669135084479108;3037.1538373142184;5620.95717277317;265.2333655435781;3989.930735977091;47.71149548367752;583.6484178624846;2359.973372433805;406.2487424440423;116.32869509004776;615.854160444483;95.36066632535376;633.9925111572022;129.0580429381071;304.2262026503746;28.123919069290444;115.05648440662142;12.149205587332544;0.09865746425186056;0.18340525833109378;519.266917929497
PR006;L1;8;D-II_408_Ap8;360000.0;28.331502153597626;11.748392595469062;144.8487705025102;0.9963229527453074;57.14204224845772;30.335004941171334;0.7573706891303724;3044.974351312347;5216.811190260049;269.2892753360156;3654.894793253832;43.60902408478686;563.6013883664575;2200.439613636727;368.04061766205825;106.72581124298334;562.7996362844563;86.79397772451404;586.3286550429922;120.03310456116758;277.64476115903494;26.17226970030711;104.99063193493883;11.317151903266552;0.11310235334891976;0.11172500352820106;496.5631489085868
PR006;L1;9;D-II_408_Ap9;360000.0;25.792768129782782;12.414102889420313;143.50557470631702;1.4673321374409403;52.310844299104744;33.55215061787036;0.8149421224723405;2868.662139566296;5928.497129873811;253.27545431076598;4124.620324927485;46.323534593386135;616.0889010051994;2401.675126250934;408.8468687603773;120.88969461575407;631.5189696862074;98.66025739707011;676.0462226079917;138.52415175255888;321.91115504447583;29.19240902176737;117.82757207999903;12.682174546263088;0.12205051919374652;0.09887626019447862;512.9133084882594
PR006;L1;10;D-II_408_Ap10;360000.0;25.87931821074054;12.888780561857478;142.21740456641257;1.2881952961593008;51.25886866593173;33.66046869004424;0.7340186213346996;2994.196172678049;5675.706729794399;262.08704000041894;4039.4414296977347;45.59385948090133;593.1596275399966;2378.6703518384165;394.0300157602996;117.866007902357;613.5685063269551;95.5826840104668;658.490510003767;133.92345391227946;307.1481828616391;28.757401047985933;117.07868833172026;12.497241957159819;0.1238324117461979;0.11227434948443335;539.5983016841762
SF001;L1;1;S-1F_Ap1;360000.0;46.928615398119305;1971.0949842900625;3988.2907903779424;8.582454778406772;25.379284855551766;44.23139375779088;0.5551890286205218;2937.175154747207;3185.5478054112573;127.10417813841215;2488.079762054806;2751.0922021470415;376.194751093606;1536.6510722958747;275.6359434897823;67.08032561862532;367.9723658830275;52.05121605974427;339.6404010399123;74.13926324202362;198.9322812017023;22.061528585801753;117.47413173263132;15.65516474150936;0.20046204797167547;0.3973856626790672;1264.419560901083
SF001;L1;2;S-1F_Ap2;360000.0;19.867492375820856;1850.3009014487618;1095.5535462639757;2.64710382757384;17.906764919331803;34.41337357442845;0.45056159580220745;2882.076034330992;2936.2728780731422;132.5679889431216;2112.04340893146;2207.935566772588;283.85645004955506;1154.576457454172;209.10451370829495;51.66787242188218;305.8202893339361;44.970432261975915;287.98146720852594;66.72422126403197;181.4258444317955;20.707744873481705;109.81931470554338;15.014104605483212;0.0963117481018285;0.182539823108832;1082.1550040379993
SF001;L1;3;S-1F_Ap3;360000.0;21.51002184345081;1780.5067746060577;1457.3996781766277;3.4860185750889645;14.094506864690873;27.617705796158106;0.4724975638340053;2885.0386250746274;2765.301260505129;129.68248227356807;1726.3713295323355;1857.9189214418798;218.05271421814248;849.8074739369016;158.36045732682462;40.82015902611714;240.75066408272997;36.6276302884118;254.5775260913608;59.116190886707365;166.1341674748463;19.33041243149413;103.90475790572465;14.23571260963821;0.5888866971557049;0.13773807950502764;1082.7958885957114
SF001;L1;4;S-1F_Ap4;359999.99999999994;18.84906822807101;1546.2917853889082;1015.2855868960669;2.9036652301237953;22.90675094853332;21.758906590100747;0.4093867106229739;2709.4823324053305;2574.0710195393945;115.44777202311086;1417.8707160093488;1501.2025189439564;156.53735165404402;632.338429693694;121.52219448195447;32.815106156711856;198.49948561519952;30.946105913438938;217.46097283535838;53.31427294874764;153.45251615430695;18.030677736362712;98.8050349096323;13.434299264906548;0.0939669254374126;0.14650710768823377;1378.6589372268163
SF001;L1;5;S-1F_Ap5;360000.0;14.629563681242761;1429.5995963172877;575.7240923204896;1.3887757279676234;20.331757310884022;16.828303388617776;0.3474282856684691;2686.522983300294;2339.7890550545812;119.92937724387687;1199.2457116958292;1168.226912972193;118.47501995568341;491.5987854120619;92.65142418230302;25.37946102674326;161.48426233123888;25.525890252558302;188.61337345958074;47.61618397599622;137.53570211434126;16.549817866486528;93.47913352080867;12.759104936233879;0.047081357553718006;0.08697449171375184;1246.5011659543945
SF001;L1;6;S-1F_Ap6;360000.0;14.43206511819246;1284.510252830859;491.54233595729846;0.9459216356446543;17.218481277842457;11.447741063531389;0.30069891705953006;2705.054946721152;2070.172336491031;120.59403311397848;938.4092816264082;845.5166491522565;78.36632182606398;323.7009993178822;61.475798098016064;17.69455174385354;119.85086201388614;19.775102683417632;152.63775952387553;40.49163645566582;121.57381705669343;15.278593517710501;86.18371200070813;12.042690911799605;0.06351396726587247;0.08871038505564961;1577.9996539923181
SF001;L1;7;S-1F_Ap7;360000.0;13.380437125970861;1099.64567112384;442.2069713694028;1.603951699292543;20.159826083581233;8.647850479844875;0.2804854709902359;2654.204032737342;1944.1794531854541;109.72828372862148;781.3557756714132;626.4647856504114;55.04163249730078;222.44027566994004;41.32706721953784;12.991764385967553;92.49882419689845;16.243818561552644;133.07094592435908;36.548054681910244;113.08316460610331;14.262812118355066;83.79648938194435;11.96344739642813;0.046629984589870124;0.08030166391501133;1542.578649427092
SF001;L1;8;S-1F_Ap8;360000.0;23.336029226849913;1078.9606420720695;1738.7480247481083;6.189434421298734;24.0336314107371;6.330507886490547;0.2773154340738244;2629.954509736648;1711.407097315578;117.96742376012611;611.6134029355005;427.49428386532884;36.874817425793246;152.10099174775053;27.26630346743573;9.256801841956497;69.60144193302337;12.537461945042761;108.89771228848171;30.721115204624567;100.71602733208884;12.930879303164042;78.92797602602104;11.466402792725884;0.11704079199845781;0.11616557628312554;1536.8275975555841
SF001;L1;10;S-1F_Ap10;360000.0;13.058371293408525;1005.2920638676204;338.3205114727777;1.235203201944054;22.748712290049014;2.802999056077317;0.19185853568283748;2599.001572648599;1273.2209405357323;112.17396531735308;371.23954606116723;197.51066187975758;15.586265574283845;65.7005665018994;11.397575641991244;4.272471646198938;36.7452704044408;7.228722761885207;69.75062242943032;21.834710621856704;74.47391746689934;10.329218047983003;62.99924051023683;9.521275623702351;0.03324320355193585;0.04963335758950013;1431.6838923488147
SF001;L1;11;S-1F_Ap11;360000.0;15.59832207429781;899.9822758876153;621.2684460410622;1.8346088148788036;22.1658087011384;2.3657229814059133;0.2490354268444226;2520.790681262503;1238.0098786193173;105.48776497273407;324.36947184371695;148.65472053880018;11.921152961355764;48.634869253586075;7.913596313596527;3.3679736372043263;30.061279093863277;6.185016437666267;62.389802309884814;20.638586625709305;72.11481387937758;10.03185717331856;63.556088087953874;9.614030179328848;0.05399806715372762;0.08237864510840506;1544.2962951662198
SF001;L1;12;S-1F_Ap12;360000.0;12.450804849458848;919.7659802173565;320.22203526614777;1.086996569533319;22.287812037594332;1.3920105399928175;0.17790331965727837;2543.7843809721903;1004.3388637797524;109.76597635622696;216.01984943495776;88.9364639337013;6.6456134209364235;28.124985955863796;4.271265854763809;2.0087165981142228;19.143311736606375;4.170902259000975;45.37435513046422;15.98649465494334;57.97581646056324;8.280792148506693;53.426119781810925;8.33052515357823;0.0523380684295883;0.037167644188152105;1037.2160167702639
SF002;L1;1;S-2F_Ap1;360000.0;19.82510128694753;2596.235433817954;1001.7855389398392;1.118818700978145;27.955447901967503;57.200100337966845;0.6027820820220481;3027.9133973333064;3414.741935681269;128.69731949986667;3050.094461037409;3432.8722624679253;564.5082837096185;2198.1146610310234;400.3372822241943;90.1099010418344;470.7908071636813;64.51143889466248;390.4379536728629;83.26380574279872;216.11377778492016;24.179844314367863;127.45055967383678;16.904135268035724;0.1784716528509354;35.15095322452478;1010.8644225279075
SF002;L1;2;S-2F_Ap2;360000.0;17.228923871467433;2031.9923298495587;1267.2031637075522;2.5465945037738487;32.43905012664408;49.367862782109704;0.5703405911513358;2918.8842713428503;3331.6756709985816;111.07725011840695;2792.540279960664;2915.1730268270926;453.1948307930118;1813.860737157139;332.4425531666957;76.351080236871;412.4434226974185;58.19895303156575;365.1502018340488;78.39607435040286;205.08570801846685;22.790859164721113;119.85042967450113;16.37006182249305;0.11805095990601934;2.150277500286019;1177.8363291755757
SF002;L1;3;S-2F_Ap3;360000.0;29.839249573888562;1425.381653230865;2767.292988159009;6.899505694803274;23.745474893884;35.68807493551056;0.45484347288054655;2343.608882895046;2899.2183962077265;92.04547282606117;2109.7162141591866;2216.6958870456824;312.8277748730259;1260.4767975641387;226.42796646295807;54.534801501626454;306.4991464232894;44.728072329483695;288.3187964558843;64.98220401320569;170.4473703798736;19.41723347580583;102.67430766160643;14.079462022616715;0.1364142920649431;0.3906486927512767;1344.3592863435717
SF002;L1;4;S-2F_Ap4;360000.0;14.426546912176647;1780.6510395545906;883.1074434865255;1.8589989110492051;19.895840897280387;30.58504418786238;0.4274740074809979;2825.3087855512563;2798.946329361889;121.46234109428248;1886.0440457326645;2035.3751287233392;253.4843552263728;1018.2113856596977;187.5775517001117;45.94932582197047;266.73194843950256;39.94236916549964;267.1240218565495;60.08152048058849;169.47684554622967;19.650384308339948;105.05962485346076;14.693312487531022;0.07971451846432602;0.22908891142704652;1312.7181977187245
SF002;L1;5;S-2F_Ap5;360000.0;16.509422646250798;1679.9978575659968;1030.6357862822058;2.1963995842368904;22.39265680724792;24.797438368197717;0.4557788343022612;2752.962670967538;2682.1529963333446;116.96251945995965;1604.4393309819075;1653.5543749523126;189.83602276728553;752.535779704952;140.58872225918438;36.90872348309305;222.54745185150315;34.372397175601;236.94421646951852;56.8627695442343;160.48859597894244;18.741518421199153;103.2099683698122;14.35677314399176;0.10187590414914402;0.1838028837404623;1364.9118364071219
SF002;L1;6;S-2F_Ap6;360000.0;37.11860230802766;1655.7649869807908;4170.748851431752;11.537071294871568;18.18957828282704;20.367806796478032;0.4511608343368539;2890.006845256898;2495.2037204533876;129.30659808091454;1382.71058003472;1366.745540651614;137.50668184973836;584.0550765121824;110.02753747045402;29.285572108367642;181.4775353922224;28.626274709927703;210.81543267320046;51.037324438741706;146.71394950186792;17.891942869901516;99.7226137143908;13.968818384626752;0.2802486601143527;0.12418812025477173;1328.288344733766
SF002;L1;7;S-2F_Ap7;360000.0;14.140026225526778;1306.557006300734;634.0470461174094;1.9266506503225715;17.46447921176865;16.861409705234138;0.38941360422960203;2629.0687047088322;2516.8359435065295;116.84011141160853;1246.377631447733;1197.3307345408346;116.80065996053096;472.03973083177124;91.22011928628523;25.421031978709912;165.0383115471015;26.680123565201814;194.4429497076378;50.02134466569424;147.79717765260904;17.781842452668563;100.4859931571742;14.078633234544768;0.06620735300845015;0.11453247319531329;1367.6382600841578
SF002;L1;9;S-2F_Ap9;360000.00000000006;13.525103069987031;1131.7633152796027;387.47887403375495;1.2093380983201683;15.687925863056906;9.782612048994189;0.35236909789326043;2603.920643224741;1989.7966374338012;116.25584305489953;842.6935745439365;718.4746017130194;64.98083964695353;266.3281350292461;47.925927843463974;15.00000068052884;100.86265287321768;17.415980004582515;139.41783317254794;37.54299975404323;114.81003185422809;14.630449698452875;83.64026694608975;11.932395186794205;0.05252318855730474;0.0630786987180413;1231.8404278865362
SF002;L1;10;S-2F_Ap10;360000.0;15.303270592184496;1110.5126960675755;660.6015639834461;1.9819785609238945;16.83271507042861;6.704468918294778;0.2825347456284853;2709.05175105846;1772.7302338338159;115.79418591467419;657.6825925931266;484.29858188793906;41.75817963704313;172.96798225134418;30.761203921955712;10.34925653190755;73.2323491559165;13.195198457525345;112.70903399635444;31.772076579502155;101.54301447973094;13.060235789171939;78.1460945496703;11.41333520570481;0.05020541436999748;0.06034144214272594;1288.138029578484
SF002;L1;11;S-2F_Ap11;360000.0;14.22434636872037;955.4856779833667;491.1212568454979;1.8981189190500212;20.737908571565768;4.715421065128557;0.27904225402183297;2577.5082534502767;1671.6466985038248;109.87413405694885;542.9259849752705;353.04222699143634;28.59034868980657;116.72974754832161;21.102600494654748;7.3890685926502595;57.29606139823289;10.475265240445978;97.21552051246518;28.79914922105472;96.42601086863118;12.687467657315754;77.10981266424093;11.159595008817014;0.05031288122206028;0.04586620922177379;1200.5046587405761
SF002;L1;12;S-2F_Ap12;360000.0;14.886884439973496;1051.260122521961;680.3045893478311;2.890992207995204;17.984304248216343;2.821996390651167;0.22645374108714617;2339.8207820401417;1295.4340096288388;94.32530590997158;372.2203129885902;195.1346569751112;15.789794064534933;65.88186395716248;11.485970302362363;4.369048758484513;37.225073587271986;7.117431033780635;69.36408592402292;22.211156683801118;76.16716428671445;10.340929401169255;61.5692326309512;9.393852938566852;0.043602793402284984;0.0586842247601588;997.5968361658179
SF003;L4;11;S-3F_Ap67;360000.0;44.656486129721756;1166.3018744776625;13366.758760745077;9.096306544701621;41.89297462547174;14.767453018910919;0.7404048704163859;2909.0649957694186;3667.55597169903;100.88511179735576;1056.4998421026717;937.7225457551085;95.03245217962878;413.9003733323903;84.4321745499168;25.667853243799556;178.3916567642913;33.762637294208474;298.7185107301928;78.12031184267238;243.83868225714596;30.834940307433047;183.71308368634493;24.512120908256833;0.45532666030890645;0.16599135086782105;764.4367779357577
SF003;L4;10;S-3F_Ap68;360000.0;33.60851229999149;1003.3306613087161;11232.629784411687;9.219716816454467;54.26977532412332;23.524633415667683;0.8309738660250771;3182.7439680390407;4746.589207455639;109.60245208925919;1542.587423860008;1539.8955856575635;162.1516078202928;689.4878027575928;139.57580280402416;41.092468406153074;273.8034192717473;50.31949649988039;415.9973990544463;108.10965781890279;323.6091379142838;39.91051215425941;225.39015398724254;30.33927705890803;0.4096152212554884;0.11988985968543446;730.3102450877204
SF003;L4;6;S-3F_Ap72;360000.0;37.18299405557864;1076.5920449908215;2658.485489073183;6.4865100652855965;55.80688677398612;40.670479468512895;0.8523907568858918;3063.327307117838;4421.1697884615505;97.81202590618116;2016.5625112258563;2405.9971562579553;342.96135106520717;1460.3966804420018;273.5923175958747;67.01090791438965;398.8610988425829;65.35375816351865;479.05381618061205;110.37899794366011;307.518098913097;36.55579280239295;202.68747067006996;26.636065943112914;0.3492224003104677;0.41026449096539097;1020.4405629161206
SF003;L4;5;S-3F_Ap73;360000.0;21.102341327490446;962.1357022836563;718.3751101843626;2.690863188964004;30.6335390195895;47.50537892763027;0.8520182704856133;2927.885076065502;4955.234105042462;101.13663176844717;2306.130141378871;2868.108658380101;423.03249113498543;1787.8972281312845;341.33926277968794;84.19738543997904;491.9758120218845;77.99827959680815;590.040485571476;130.59167840430084;376.6182675563492;40.84330913261725;214.581308741184;27.735270915506728;0.20876927493336425;0.2850982707727702;866.9051962729834
SF003;L4;4;S-3F_Ap74;360000.0;16.75401776201856;1150.1869435210024;324.7931336143245;1.2643680000521804;21.141497785043278;56.73435152740127;1.1719424337643518;2894.466620102198;5492.294351411344;129.33162355900575;2629.3471619731495;3430.906440626931;505.70767334609275;2120.0616742368566;405.2866960166808;96.72957086316806;560.3244480257468;89.16661784693389;654.635174513707;149.15168654752281;407.33535824493885;43.634994876456915;232.5893783622693;30.56644080385296;0.18823546848700376;0.5719510641992397;846.4260028353604
SF003;L4;2;S-3F_Ap76;360000.0;20.296946661063817;1818.0374015397517;818.6537160326652;2.482843244296907;27.43792982735645;70.58415961484245;1.1423175310587506;2917.028617891869;5629.570605818057;181.7262460286163;2964.000693606775;4294.721810119046;628.4977059303973;2605.565012959263;513.1231361096038;116.67114305994288;651.7638126637722;99.65204983423901;719.2963517194605;155.8234276424882;421.98913907797595;45.810000957323936;242.27602074090876;30.614448338613077;0.21206392845512842;32.61007537197905;964.0547348874624
TF006;L2;1;TF6-L2-1;360000.0;48.700518498555276;1093.3586847291574;1569.1572025163125;5.82716008211983;48.41855236080387;15.89075536931466;0.20005501027213826;2799.118328586198;1746.311371532073;135.2209225256417;2046.2142578357505;437.1941830185246;303.58792857696886;1116.6477083967134;183.99884120356413;44.65314902054638;212.78529298046976;29.971139430163472;185.08246346487343;39.09799173044347;102.7177417512339;11.072027577004217;54.744662155309015;7.0226235187850445;0.14461980159901291;0.43896938657477363;221.96159000697835
TF006;L2;2;TF6-L2-2;360000.0;70.35918594398692;912.9789567666108;1970.4408330831154;3.1797376838221503;44.163914981882186;12.043165878667352;0.2008153429580585;2736.6517337170008;1491.2822111546254;128.40899830911638;1787.076806753038;320.12999606667927;243.23010090682666;887.7925257713254;146.25783212306695;35.54388853398856;180.59911926609877;25.845870328039926;159.68124071058074;34.65159149021132;90.91195653633181;9.765013980986186;51.74088113968405;6.667819125127376;0.15307698014159207;0.023196059920583094;229.40711986629358
TF006;L2;3;TF6-L2-3;360000.0;37.93514731995327;828.2915237991235;316.8821170722046;0.8345203466656048;41.24476897962635;8.686609739672067;0.12525919544652533;2760.6686309086153;1352.246052258235;121.27583193521002;1355.4825279966412;195.6030347230636;176.32423966422877;650.9461509138022;108.42369638673593;27.35482987444347;136.66039397944576;20.40905926644748;130.46533832089625;29.268155179946536;78.0320491935303;8.737756003394296;45.62046453179413;5.9240566177358085;0.033159067339164267;8.688493495510904e-05;220.5531354795925
TF006;L2;4;TF6-L2-4;360000.0;37.185582062297954;880.7087351921322;279.6737163073645;0.8617225129623882;41.13070254341634;7.2221270176748815;0.13934276213286878;2826.131705582942;1260.9652872223849;117.54920315892409;1206.0383487058796;121.9012941498039;143.7540918665369;548.139583620578;87.02816506714746;22.868802469061517;119.20478237498938;17.88777239031958;119.2834295174242;27.02649113312744;74.2737079964213;8.652461265958006;44.35844345288239;5.854208952593503;0.040800135875899694;0.012648905840744771;223.3454570549117
TF006;L2;5;TF6-L2-5;360000.0;40.325563073314015;858.9234923446054;423.61270905755504;1.196192495252932;42.574996702492456;5.733665740387402;0.10636619891551108;2775.506819179789;1220.520137452561;114.22872402989633;1043.7601190552004;68.61730943441314;109.26114110068497;424.4964601417567;66.09811045745704;18.475121540826347;96.14090778940104;14.82411301644786;100.71999381493181;24.512513502025293;69.19376363654946;8.111034106360556;41.12420617927299;5.511620407565449;0.044852898540747914;7.992437563040074e-05;227.75936985799765
TF006;L2;6;TF6-L2-6;360000.0;46.14598368101243;836.2798805584399;787.91190388708;1.726378816806231;59.56193150146476;4.172741563846299;0.10305919740838063;2838.9216016844152;1034.3369452434308;115.19217824896309;844.3240939824323;35.91773353229803;82.47597516203419;305.39754769566616;48.67518189733765;13.80358615161807;77.53983636216579;11.740613997638322;87.39299265497363;21.32717154118306;60.78225938743043;7.113911259180499;37.15945943845134;5.076910090099983;0.06538875142195133;7.566700215520492e-05;228.86762068186076
TF006;L2;7;TF6-L2-7;360000.0;41.95319883122876;773.8579712846296;524.3583639934061;1.1819248676684682;59.650576763962874;3.0040724835553725;0.10954434676753302;2840.8902430307903;932.0594864384068;112.36806476252981;659.765958828535;18.65631757046056;58.987524249032504;222.57009093084466;34.51961429848305;10.15597393288331;57.525237423305384;9.378680789483647;70.25475319431533;17.71645036473106;50.897648821896105;6.374499665788162;33.31099689642564;4.508073868962461;0.03940359835718683;7.089637116800245e-05;226.83637596818093
TF006;L2;8;TF6-L2-8;360000.0;38.709524197518256;719.3021212298885;157.6399785508563;0.7484023150595419;71.51691885277813;2.2341724036183344;0.08728447204939578;2757.2111781468425;838.350273880132;113.88872756160418;536.2888108528348;10.206229971495697;39.228585617818595;152.11748021669897;23.7170774830966;7.244654122783862;44.624670505600584;7.331671994701417;56.85401983676246;15.096598561438663;45.49628510098691;5.664568111666111;32.07956449207531;4.322036373273953;0.017606271758491034;6.377766248175016e-05;221.60925522875954
TF006;L2;9;TF6-L2-9;360000.0;39.31908960255278;644.9361288275944;94.45196155992755;0.7435933734510078;53.31178563824653;2.0384138680910326;0.09946610087376542;2910.729585050665;728.194058233917;117.47229628653709;456.97833105223106;6.733899267051994;30.068331308092993;121.20018462784081;18.035500821308197;5.478280736197068;35.890317330532255;6.060035113973693;48.658373571245384;13.158978553352403;41.71919460861924;5.071877100738433;29.785602414564924;4.116095622001163;0.026554408146375136;5.619147743335909e-05;222.81804042961647
TF006;L2;10;TF6-L2-10;360000.0;39.20158166782257;631.932729413923;87.38208413927742;0.7799676900128765;37.74255334614014;1.3994730103168582;0.07262282422968368;2964.2820826819566;667.6490671537287;114.13981551575361;392.6192953610753;4.635683097896349;21.539000106122295;83.79804606226416;12.565516110416201;4.02529469102297;28.641419758173498;4.894737555281159;40.663389014330335;11.510335460072145;37.28463707945197;4.597854483855605;27.017481450670957;3.749219447094595;0.02163228120403139;0.0;231.2652262425226
TF006;L2;12;TF6-L2-12;360000.0;44.10791061880365;687.1399217908931;250.17685108094116;1.6246952645156953;47.13078262421163;1.0218589426016744;0.08448506245045961;2958.198808805417;640.5709064196204;145.88660552279782;299.7900466976871;3.9507903853041446;12.788863928860502;53.92649026921128;7.359442867597734;2.5916903235679416;20.722993613293703;3.7242249781202856;36.313957181090935;10.73485323921756;35.58570913113996;4.762005800421734;27.081185798083173;3.9779789251828555;0.02897829195186869;0.0;247.39053085596794
TF029;L2;4;T-29F_Ap40;360000.0;24.644989735073043;1175.4707281056124;97.45629461584058;0.7340126385048575;12.446660329770886;1.7683080475955744;0.14938907146247127;2387.9493822559707;674.292122808855;134.79459936664907;490.7466091942662;5.647371277020566;26.81020294605457;101.01550657200917;15.186258958930297;4.739655863343314;32.729451364248135;5.3233837469442244;45.396320382958805;12.158950041161663;39.79850975941103;5.179276430817226;28.94632767667665;4.038803917581139;0.02115794516577611;0.010023437362628685;968.1421648752955
TF029;L2;2;T-29F_Ap42;360000.0;26.76500446360071;1041.8211182997607;140.2064675998538;2.1647651797178837;30.221790421179524;3.1983543114942514;0.22726834318572922;2367.839167907288;833.0385732536492;155.25041005047;733.4599755992274;8.448692145734558;53.78073850586887;206.0318325159705;32.43626324729719;9.079957716366678;55.1723495867551;8.565798524734257;65.10017027264804;16.399299798275223;49.53653698315026;6.1604617341028405;33.44814694379946;4.491827711096085;0.02331758056681894;0.00038893785982233167;950.9138693978931
TF029;L2;1;T-29F_Ap43;360000.0;26.8170160261478;967.0635089360449;116.1080902723362;1.5814602978883696;24.419439568338785;3.4064085383619163;0.1331734262476566;2327.5093037100155;793.9963544439441;123.27397001886682;711.8778060406996;9.558433249010715;53.82953142164586;210.33699284969018;33.33239099874985;9.031206682391312;54.50282379095591;8.58049838989461;63.89177190878391;15.916496373876733;48.06810647875319;5.875653045611767;32.78843645294386;4.341277180346457;0.02492423864025609;0.0004420127381646548;976.3141944434924
TS012;L1;1;T12_L1_n/crack-1;360000.0;51.406712959598394;843.4583502542263;2331.1624890667813;4.151546015542165;54.00647833191045;8.831682754152379;0.08319199282909598;2983.332806587392;446.27742000096816;100.58839151850133;538.8066386799545;756.0291551441999;110.81072579993024;452.16059530435314;85.79764655239562;17.015732534863858;76.58297247066062;10.732517212100799;62.905398926340666;12.194231028046667;31.62236065472594;3.8148486583275565;21.735451433464068;3.032210179846365;0.06856164616213996;0.6121957916705412;2364.657594188619
TS012;L1;2;T12_L1_n/crack-2;360000.0;26.13272936348217;728.721394266579;598.1386342616433;1.9433335186738894;32.85081086501655;1.7225954484142996;0.051516685927736186;2797.1129892079125;202.6441046711274;85.21662507781099;132.4483619216966;124.00482246763025;18.354890109349913;73.08133498702189;13.404347372790157;3.357977040486865;18.81320432386543;2.963739717131447;21.448569951275086;4.768574222742694;13.72618590194901;1.9192613508615872;11.480615728700425;1.5573964760491381;0.016470460950706513;0.021790200097440874;1725.6502581116229
TS012;L1;3;T12_L1_n/crack-3;360000.0;18.544715767010356;695.2162081045635;591.1086902499196;1.9714225995329264;44.906316864591034;0.8213383354747885;0.08178678766928366;2832.159981476125;137.17877214153233;90.82285531289766;69.1427740689648;45.60947693401071;5.078060846069838;21.024732642718526;3.730298426844609;1.0686164384000805;7.897595491996516;1.329123130599767;11.411609016153642;2.993705370179712;10.0281947717823;1.4206587152819925;8.862082857381926;1.250707440478534;0.029569345863340236;0.010595736415159209;1376.6833548100922
TS012;L1;4;T12_L1_n/crack-4;360000.0;18.053162709738803;593.9640350500056;437.86841755508675;1.7496373493968167;23.24624919197731;0.5964230704539775;0.0623045827405656;2963.295725965542;108.89335561346236;86.8422940883818;44.43452205780531;23.253400003719403;2.397002141063509;10.397951952826041;1.39435250440038;0.5284707473669689;4.095642993123084;0.7625518802543174;7.033695274976854;2.09305163520652;7.432740483226525;1.0634236930518275;7.73910227660031;1.1236008816469036;0.038374424058690765;0.010870449826671446;1362.5090097984123
TS012;L1;5;T12_L1_n/crack-5;360000.0;29.005347827903304;634.2321116298182;647.3242389415028;2.4437537005904595;37.165640333659226;0.5160131693987547;0.07898840562364538;3630.470978125533;98.22308265894029;111.90180323996448;42.384620008614135;22.953637317968116;2.410978020081351;9.356394741460873;1.6229099211913756;0.4196043673496464;3.25400782621731;0.6925120571096011;6.654376835803236;1.9350039864026156;7.282336385599194;1.1656438032451635;7.88271541716858;1.1920462441868298;0.058011394674184154;0.012910795130987229;2193.9089725772174
TS012;L1;6;T12_L1_n/crack-6;360000.0;63.342271418025476;699.148585574327;3605.572026369295;4.625793029545101;38.120119561365975;0.8842810912156426;0.10764936062800237;4445.651719255108;101.844141588107;149.94787092332555;47.0718259987287;30.024159923642486;2.693149447634802;11.22825392572057;1.4497027942431668;0.49921238874705337;3.6249167555746054;0.7513249813827885;7.131221976918936;2.183881357386387;8.243491597591223;1.2465291485940002;9.484647146900437;1.51043684691951;0.1539346212393537;0.039457427622943235;3105.420669032847
TS013;L1;1;T13-N_Line_1-1;360000.0;32.03178440333565;677.8859593176558;362.8899137394106;2.461537077519082;30.850046415302984;8.188353992905729;0.17436684797384575;2977.131134449189;1642.3343094505124;164.82820820249643;1213.140209933804;142.92505808252812;151.1488135839093;654.326163609256;111.68855611182207;33.00901954022039;157.69167971835424;23.782982852376648;168.4646368113527;36.14165499429309;100.38557093509843;11.312352214109303;57.31455139676732;7.417654749708663;0.056889563105969064;0.006423234377601436;443.9235277384353
TS013;L1;2;T13-N_Line_1-2;360000.0;35.06805000202027;498.8307542821456;209.80394670468579;1.8359811499137788;42.90673536147513;4.543013513162643;0.10060711090257561;3043.520784325868;1288.5880481315642;146.6291108283138;800.894029164296;53.49556394151941;91.08142067424299;369.04311353884384;67.59357463085104;19.740636589646673;99.9278733561428;16.13405703101676;114.02718706321755;26.756912097473414;75.70009038842018;8.854822125192829;46.40534831656769;6.164108382662507;0.04122254480373234;0.0;404.8617697094632
TS013;L1;3;T13-N_Line_1-3;360000.0;33.38033515844548;423.53742664609615;144.22215670781324;1.767064550995749;47.398053471141;2.765569011188821;0.11313428493266514;2970.4772230745934;1053.2706567377752;139.3097571907368;587.747339589042;16.23842036320458;51.726269158636036;221.80331226766873;36.25490185983895;11.92222019530383;69.13357571137975;11.143554216787418;86.6618045641917;21.579686214082468;62.53850169336523;7.60337391373757;41.82012125026853;5.436906219990291;0.03194467634656557;0.0;438.01869495994066
TS013;L1;4;T13-N_Line_1-4;360000.0;34.941272031823765;368.2395780619698;85.06720362875546;1.8699582893854882;30.60843555046579;1.650659908038463;0.09536338671494168;2796.1496411262706;873.6365362769342;127.66132447155307;382.8915987836824;6.284781228522344;27.207529211459022;114.44069901041381;19.05691996060703;6.421437409081401;43.53857617406088;7.520923385771082;62.88173338738861;16.469077869590045;51.18017607298447;6.243360605608913;34.95761182182547;4.781084213985946;0.012850334657648621;0.0;425.56694596557907
TS013;L1;5;T13-N_Line_1-5;360000.0;33.781384806473696;318.52645954363936;125.25771151904071;2.135899552125428;27.968870007522717;1.0237063029326545;0.0803994552901155;2753.0111280327706;800.4798646399018;123.22949947286385;287.1110541779314;3.6193773506045606;17.116098857691078;72.83314849128035;10.98086307977239;4.342439292229041;31.03107185814035;5.662663865274964;50.03553310367161;14.464914378046505;45.396565463217165;5.745566569557786;32.39375603300967;4.485727121207327;0.039466189059162514;0.0;455.329404327961
TS013;L1;6;T13-N_Line_1-6;360000.0;32.92026659953596;324.0591376677104;84.19026827734561;1.7676402017753485;37.47736157522205;0.9120523544589746;0.06862386014578298;2770.285685519526;628.7655074472711;129.28085476888813;202.6623950867086;1.9161758171832561;8.763807068396703;38.8989725757628;6.107915831064916;2.5363099241791387;19.81241613610916;3.8113199612258426;36.07327121102352;11.048791159136957;36.660699545994625;4.777788194273755;28.20856572900269;4.011895650898246;0.016644515764116335;0.0;432.09378365529335
TS015;L1;1;T15-L1-1;360000.0;28.005001577569374;352.767413782483;63.67685182998451;1.6456972745098597;23.59007091599016;1.2994481639539621;0.18544542155339708;2045.2743108149314;887.380844883497;65.9835565067163;223.5958860514032;82.69601644246865;7.8443929791970755;30.991997395653435;4.824288443411326;2.0638713511547335;20.80620264816147;4.614507441497714;50.86646035145608;16.445902765772782;59.473317805735995;8.299649429080137;55.45364428138101;7.829138166268822;0.06126605360704079;0.007852488676471711;3105.763365551508
TS015;L1;2;T15-L1-2;360000.0;28.85101541030017;373.4202105995644;67.92687375155687;1.6226200570494065;28.210366326539056;1.0765130751176712;0.16731733953053135;2578.1137431416764;814.5680957805406;89.32790929883818;182.6594436555674;56.63224314936982;5.061704650978686;20.813200528072375;3.129172537246539;1.3640922182824204;15.817680532824475;3.478808185155585;42.164217855739565;14.17406429555051;53.10340233156424;7.6128068906675965;49.42371370693783;7.2533571045938645;0.05466299463171889;0.0;3233.4203491377907
TS015;L1;3;T15-L1-3;360000.0;108.6911395520094;465.7694181485669;7147.665238715478;23.323123299095933;35.12103485450205;1.5203324649162004;0.20691725451612994;2305.7379804083866;789.6905249916322;91.11727296264439;136.01886131357972;31.303364602887573;2.402630693826665;9.360408927035033;1.1065903323854067;0.738753617437151;9.648244943189441;2.3968322748404103;32.899512964817525;12.229857553701747;49.94381031573716;7.425428025728938;51.01458384723855;7.638426645879947;0.14333284685978476;0.006014101746395253;3234.347901572811
TS015;L1;4;T15-L1-4;360000.0;103.48218423551793;480.1840540723584;7528.826767281387;28.3778881622653;38.6270493172055;1.2576266529964046;0.18692753614811206;2324.339433705372;696.2790522892029;89.49454583247659;120.91835372741147;23.505659213420888;1.7555123679474454;7.443373572830931;0.9559542172861616;0.5498000666010365;7.1506788328845445;1.980217521530449;29.225325220533524;11.038659109740262;44.343878326115664;6.804921744205607;45.596147209490844;7.11522123231225;0.1162892921192371;0.0;3057.3414466231193
TS015;L1;5;T15-L1-5;360000.0;42.69775751188922;410.44266333080986;1144.539357032946;5.469196681939307;29.914669613537715;0.8985190912202002;0.15597235833568585;2375.0111602873303;621.5103802903882;88.31957316306021;100.33306500062093;18.08508655185894;1.2643360218317907;5.084828050093208;0.6461633961881653;0.4053916497973283;6.2013531228502305;1.5986046284810422;23.428009340751174;9.550412029825887;39.19801532763291;6.268721403774632;42.544484609943154;6.303918272653124;0.09563606651089186;0.0;3218.563137901917
TS015;L1;6;T15-L1-6;360000.0;51.26542009234929;379.3439215888606;2226.2911925508824;7.269401766185991;31.773284984758405;0.7758279835496689;0.17364814771258666;2394.73172293848;649.7523814320521;82.21636789988109;91.86275722022363;15.062867840230298;1.0175234554172725;3.8866577508369136;0.5514842199658835;0.28673677296655964;5.014005345773047;1.3662258258267779;22.86418253282375;9.242489342033968;38.996478649022656;6.1920478071902405;44.2448064319175;6.5892556188356615;0.10379571668768284;0.0;3305.452585741124
TS015;L1;7;T15-L1-7;360000.0;223.4525558083148;636.576458439719;21345.258456934538;51.40609874987938;28.823656819369265;2.817045104877464;0.09035748658827976;2188.5530172261515;702.6951732422898;79.24129222219347;93.27443360456974;14.897901513322374;0.9896035175292621;4.028278720928985;0.47326091065416986;0.352142424671727;5.412320174279359;1.511777675026263;24.38554109157992;10.168923854700381;42.08647084055663;6.683152945872227;46.84382499493293;7.092080301007953;0.2618827581079686;4.759654640050346e-05;3890.0510131071105
TS015;L1;8;T15-L1-8;360000.0;72.36994600701594;426.53402533680963;5143.355340287202;13.803668447740256;32.264648820220685;0.9520672328606099;0.16990970959163368;2311.0533663431647;544.5522310957748;86.78724268100203;74.37416639078488;8.96854769293404;0.5774851454094566;2.14391918560298;0.2619031005982352;0.16899272636567644;3.5179230953670824;0.9747190468603429;17.46177952345674;7.85044410386975;34.697341318777724;5.698176376718065;41.66777728374195;6.5506140945087745;0.12838741228114597;0.000153824047769101;3505.653105000333
TS015;L1;9;T15-L1-9;360000.0;27.525443187694844;374.1856054280182;182.90581410409004;2.3342273038079675;32.19185631173626;0.4370193653235425;0.15385508769249515;2308.0569697817436;538.4046137244179;84.7741675137262;60.22653087637698;6.494426434492331;0.3734653005457915;1.3542210587020969;0.15514350029787113;0.1250570094110234;2.5247557112340844;0.7571869312909846;13.840774823264612;6.677675296836626;30.947993800358034;5.238309769019611;39.1578311493912;6.083396142244202;0.06966758887549102;0.00021979899672617875;3446.7913530068313
TS016;L1;1;T16_L1-1;360000.0;9.305568560277301;556.0709587938046;25.15905706804467;3.108917007098926;30.43252733898003;0.49858467174699805;0.03261335277348557;2701.534840561981;8.285939571365796;52.904682853598;9.595478456120565;6.762994482280861;0.5706783119275932;2.2501526943000743;0.30582701876225493;0.08671195018519948;0.4065407404575934;0.06338242692773145;0.5810642781770159;0.13944477498150512;0.5528902611453954;0.11918794960571828;0.7443976775927965;0.14799280446702076;0.0;0.1683517191256966;1679.4941219581324
TS016;L1;2;T16_L1-2;360000.0;6.989181048362162;503.79713499425293;26.28024141706066;2.2614204760198033;29.78726832609477;0.40654763141733685;0.02489937369927534;2056.9923888725116;6.36201032471986;40.99854421652832;7.028639380392873;5.17007048198869;0.41127919383677075;1.5390464401779989;0.15258017784155045;0.058467494132374516;0.31683459829983057;0.03714648117962298;0.36870666829085397;0.10530933895549763;0.3704941980952099;0.06881498800009807;0.5301160694426293;0.09336539404097696;0.0;0.26824406942456797;1264.5051136485117
TS016;L1;3;T16_L1-3;360000.0;6.371235957889539;540.3683719966191;38.66120370100741;0.7612040642340351;29.029960405661267;0.4556793796393906;0.021526156669030936;2253.3951723277833;6.274124583609148;36.49765588462712;6.497290704912156;4.55167515312854;0.37402502317269015;1.3490684840111185;0.21424341181022397;0.03021584975748083;0.2601691164621704;0.0387251283746798;0.32892291384669603;0.09461488998308745;0.3716040078684669;0.05770886458266979;0.509078511173057;0.09678024661769692;0.0;0.2175509919291952;1102.7642928760085
TS016;L1;4;T16_L1-4;360000.0;5.741886626945266;506.77591644570145;23.112731658556246;0.45947365233115844;25.824148592110316;0.40791507796254883;0.004187277462009131;2048.5269730848313;6.094631889081626;32.11960453477631;6.105360121624931;4.4514325277008755;0.35678971712902263;1.4554351153088074;0.17788301700226414;0.0460887354290164;0.3158944288056541;0.04472189477900642;0.35106214889735066;0.09999337273150236;0.3555522105781794;0.04735787318744591;0.5145282468483906;0.09034580206885623;0.009444766945890732;0.2675695351490401;1073.9568764986566
TS016;L1;5;T16_L1-5;360000.0;5.175472157468185;514.8762137943032;36.23699168495273;1.9923331664793729;24.869974640234755;0.5627951420798328;0.013902726783149731;2179.5236010778704;5.965264269378744;35.17150009044137;6.3142859538296845;4.570058387907214;0.35833153913894444;1.3977983014578053;0.22484186925752736;0.0478992757777861;0.2790680247439482;0.04560666832532703;0.346248910218007;0.1093880087432035;0.3327508267855738;0.06253504189427196;0.5426639624741639;0.09858070281825682;0.0;0.22142251857454234;1136.51762216859
TS016;L1;6;T16_L1-6;360000.0;5.2571692136577965;483.1039957442366;36.80829441162476;0.7301245227306409;26.641965156608702;0.40960080184975073;0.02038260670382083;2125.151034565858;5.75273649831874;35.69208216067245;5.861770653366982;4.232832880481047;0.363039096273256;1.3157349531547666;0.12974704902087242;0.04701586280292399;0.21789692634544752;0.03644422878349792;0.26029617216803874;0.07684093080458679;0.32860378484116376;0.04655119479354774;0.45840748825611405;0.07910730268960664;0.0;0.24685811808364724;1030.4917905668162
TS016;L1;7;T16_L1-7;360000.0;6.525256418415453;509.3626584254789;47.59765658399656;2.0738686718701027;25.938384989676678;0.4662280165791826;0.030528032491986743;2280.3587397362526;6.131925683527075;37.59001672314873;6.424089679464769;4.797198496257113;0.39299360002235095;1.3217623144784756;0.19311897320142396;0.07191419496733638;0.2790153004116413;0.05338350675600217;0.32385880189614796;0.10029176722224853;0.3838390692749887;0.05687986767315573;0.49483078041994977;0.09778968841503011;0.0;0.23113597259336544;1129.0026192978182
TS020;L1;1;T-20-1_Ap1;360000.0;34.31039902713009;721.0206938378798;146.46874116404058;0.8350266893732554;27.89797519183694;3.508601187486604;0.14054778489146233;3303.4258341108407;927.6133044501122;168.42180611979208;378.212382698712;84.04786171046241;38.7279450204287;157.97381888818168;27.745615390673688;7.610484130477858;50.307467790026486;8.481094909670897;66.8937909904957;17.5811009973777;55.14350068939509;6.91735430136224;40.11437133463137;5.6636420560632015;0.01315688491072514;0.00022853906819934357;565.9832251765098
TS020;L1;2;T-20-1_Ap2;360000.0;32.25559294052582;603.5042152187706;122.73753341596817;0.703216619025733;35.57114405706506;2.032679188574667;0.14305599337701574;3087.8271732722515;780.748906466636;134.6980510725964;267.6736524837432;26.702797194225575;24.693490779409892;102.81796571166836;18.148580193590536;5.080837956211108;36.37951656106981;6.212773542584683;52.307236135626695;14.366346001620295;46.04088925703839;6.059161399008807;35.8263343729355;4.9876583817442475;0.010283377193073817;0.00022368080370025072;543.2701117729737
TS020;L1;3;T-20-1_Ap3;360000.0;32.784451220950146;597.0127758733348;110.44796457386767;0.6279882912709728;37.065457179707224;1.5811969303070534;0.08591723541529436;2986.9994453449535;627.6765588338785;132.1351757917663;196.77431519293214;18.282630225277092;16.557972897287325;67.34054563021441;12.048840790806022;3.4107060746120257;25.019291949917722;4.4916277948313486;38.71451327575126;10.981158895349589;36.71473114713856;4.843153171654381;29.74145926310031;4.214865857462252;0.008359639470748059;0.00022339892337994586;495.0052613009999
TS020;L1;4;T-20-1_Ap4;360000.0;32.04899198388728;675.143052879;148.26712435070021;0.9778969037996537;26.41183873059165;0.862732421528213;0.0850470267268333;3018.6571992344916;427.7632150071822;127.8490583765499;116.75111148559407;9.441563055590844;8.113461341036958;34.35770400954367;5.62165632062706;1.7596790879026798;14.065389727115392;2.561227482258156;24.120572894520866;6.9329592878854776;24.44408943424724;3.405831476502383;20.74318758941088;3.1324408648622395;0.00022172531183666804;0.0002295780193900685;368.64374426527934
TS020;L1;5;T-20-1_Ap5;360000.0;34.9264794052442;596.9297915439114;94.78427472557145;0.6579727187911245;32.33569313453742;0.6106179801122866;0.07582698645655364;2853.3512211279603;370.2066437484396;128.6581508494363;84.72533445513186;5.653363143488626;4.85612132304883;19.980981016565117;3.2588476319713005;1.0865918285793468;9.52536148070581;1.749630969779245;17.804335383611754;5.6702094452095775;20.505179938290134;2.9773054228946783;19.18673639988782;2.970171113752661;0.0002077893696584125;0.00021514876300472285;420.59575914276047
TS020;L1;6;T-20-1_Ap6;360000.0;35.42316931480651;570.4201760668283;97.44424612790958;0.3705526980133077;32.88664354230936;0.3879150491979228;0.0389590918354616;2762.5664419926693;289.3526390038102;121.86809745902926;57.25402674063846;3.619372818264119;2.8710342630924233;11.596886949220755;1.6222617967296955;0.6281884739470625;6.069466714139961;1.161022498703762;12.668448979806596;4.2827185918252475;16.408325791449;2.381082074372022;16.01774698061066;2.5428597278300864;0.0046974996358748015;0.0002144537307961087;338.6216585162434
TS021;L1;1;T21-1;360000.0;61.32176135198419;1170.6815823355714;930.5469817291331;1.658484096965408;71.12291834864112;44.755574936633415;0.4568337903317485;3295.31983205141;4226.656237168102;122.68077206470488;2381.4129037043595;2718.2695949532863;704.380050444484;2955.1938591945454;645.4547386804905;148.1527356592314;755.5382806567695;115.30515253094988;702.4165308326817;135.31676897374538;332.8847590564056;35.07951045833363;176.42367524850079;20.611979688691918;0.1048198144503513;62.74067372515517;370.49347853956914
TS021;L1;2;T21-2;360000.0;620.4804309523137;1984.1561780969287;58731.329837699115;94.41855707366234;100.13287081468147;49.49038853999539;0.4979223224552754;3178.453947397879;5097.733698071856;120.09711826859757;2450.5880030894987;2698.757774661831;608.6546203697243;2800.0350343384116;581.882951433114;147.59864189564283;774.3689666176676;122.78949730896599;776.7796108975956;155.24191998892974;390.31152066996606;42.88041470187327;214.10183682183072;26.232309261776624;3.7553528214819503;0.20520511887334167;1076.4083348527522
TS021;L1;3;T21-3;360000.0;169.5137228964299;1161.298176128496;17752.228089633332;7.980564745812769;36.68882842966371;1.2996260686433918;0.03433120695824164;2847.7974845196486;202.2645851676244;110.35967616697218;2.3765709471059164;0.3884921177222318;0.034121036366382126;0.20110979874274035;0.05462636588051171;0.01602971803605155;0.4441857842370201;0.14491385679003416;3.2529133032623223;2.0744826841901993;13.00718110272726;2.880020529171624;28.35384224213448;5.213200428716577;0.2578569543125336;0.0;1150.6161174718368
TS021;L1;4;T21-4;360000.0;34.410728957159805;963.9002328724457;1977.424217572062;2.144300867934237;35.72750319873309;0.5225981305991876;0.013009764337688691;2895.7230114940216;65.02256492985853;91.38270834482083;0.015350853020144281;0.004629800990164241;0.0;0.0;0.0;0.0;0.0;0.0;0.15109970496161063;0.27959672905663224;2.9265674215790076;0.8793043648721434;11.1566607359345;2.7485478303197572;0.12086529969155695;0.0;1138.4343296898896
TS021;L1;5;T21-5;360000.0;130.69023222764918;1046.8548672827724;15346.807725739938;8.935795603130172;63.82053817336281;1.6023181121575836;0.025896709140027518;2815.8891205533614;193.95802188580925;91.33934570367242;0.7267334160313812;0.016384985274333158;0.0;0.0;0.0;0.0;0.11609111897378421;0.048077006598965036;1.9689185175234634;1.5843752885888762;10.59601047911733;2.3495227886754386;23.622503687455765;4.695477672323503;0.2876054466918986;0.0;1034.775673172656
TS021;L1;6;T21-6;360000.0;27.198034106782313;837.5987047501569;419.439304138204;1.0138333991358834;38.62434855139938;0.49724275318830946;0.030521634140383044;2849.4836511879253;338.74824859534715;85.20419402967107;3.640643955974343;0.1841863204636252;0.03195028447007508;0.2235087480947487;0.030706359282353275;0.03678131099422529;0.7063738929834524;0.245194651142045;6.027124166196984;3.574466331243278;19.829527085866726;4.145356941299215;35.93196305423462;6.526964396684692;0.09178794376365816;0.0040468306281281445;1562.784145545939
TS022;L1;1;T-22.2_first_Ap1;360000.0;56.83993756827815;941.7443613275825;389.1001112394226;9.778102874982414;41.74010248410363;6.127428862716651;0.471170303959029;2090.550804578355;455.1906695629953;98.62580989671152;298.7832498560581;410.73104335065483;48.67309081913463;199.40432104406426;37.24211555743119;7.474315954473002;42.464124797802135;6.121524767753591;38.831524956121356;8.704979983147469;24.883202254664354;3.156520943641296;17.95128643411396;2.696005595571912;0.1654325592788341;0.4168599350050301;1107.0786588271772
TS022;L1;2;T-22.2_first_Ap2;360000.0;58.492205414205785;957.5317120730963;313.9274331800585;2.328964311942793;30.039832386492666;4.484318170801183;0.09913356208222536;2116.7475808837366;435.15251342065;89.4176427400991;251.01506219685368;293.53240743844503;36.0542336430247;144.8546940168381;26.692144938885804;5.776188146766783;32.98148774599508;4.864236506936449;32.49786946664284;7.801015736089741;23.22684673379768;2.9375209636004374;17.308815763668466;2.6269374590925176;0.11473684773575173;0.37681473257873643;1016.5690321520927
TS022;L1;3;T-22.2_first_Ap3;360000.0;58.72460204641574;1061.8879855670812;270.92394487112756;2.643989839912562;21.86875086895928;3.3375781370231663;0.15734835477392767;2085.4307446283733;372.59179347358213;99.1229014130831;190.62282099077842;207.45024029980212;24.696220160872972;98.57850977382094;17.413249998473123;3.8319511988243793;23.26704215105077;3.565942810961664;25.364082889010813;6.267565246290156;19.440043006649795;2.5442882237860895;15.365976298042886;2.4081536805644737;0.11964698119319134;0.3542251067079642;1136.217740994965
TS022;L1;4;T-22.2_first_Ap4;360000.0;50.26989477988362;632.3843142346561;241.94337631981634;2.1376316341513606;24.82964764303329;2.56216769220019;0.137732539746707;2017.117476367215;318.3161873691355;83.76662731937603;149.5401475076243;150.8623521772855;17.039335899720072;67.49782563446588;11.636166873705571;2.7060317755248904;17.602631725998773;2.746314506973985;20.32568893122599;5.3126904033333995;16.899918403730553;2.209568084992033;13.817249889336605;2.1486623701174237;0.09461874668688229;0.1421449895453909;848.3365262183074
TS022;L1;5;T-22.2_first_Ap5;360000.0;51.76376656365653;615.672505388147;227.8048548631169;1.0727714105298496;25.546811280264112;1.7772388604639318;0.09626842957987258;2028.6191721922892;291.91954175898815;82.39404115924253;123.94153406251611;116.44524676577794;12.015813107384107;47.87912191704688;7.921680422630393;1.9241185992031808;13.05219004123754;2.1123968271761746;16.08570839571863;4.522705816917092;14.92388797273805;1.9888675887616216;12.655548005148914;2.0426789120886015;0.10389249295628365;0.16359046559635124;711.3236285549585
TS024;L3;1;T24 L3-1;360000.0;24.332463813611636;496.7545026322268;80.58466275257739;1.6865426022114403;26.61663667436763;4.772409880998807;0.07040701869553972;2332.767226893027;416.9237512466714;67.33069900509918;576.2751493376322;142.46947679749;75.79557511396361;291.1931543827745;49.620840799929724;11.347903117716475;55.15165731606121;7.8186220060624105;45.54818613636918;9.971622256280563;26.75106910963876;3.223010988755218;17.882211153000185;2.4050218355034736;0.015247560726841436;0.4721620953039677;1111.3165805831923
TS024;L3;2;T24 L3-2;360000.0;24.06156857324098;496.539582294686;58.1208810480534;0.6765847482369473;25.116783851804982;4.687014599456392;0.05123272875960116;2292.671934404046;437.50064117151953;81.97861625446133;585.4889016789813;124.936101980227;72.19466906112905;287.3256802798708;48.20534943489279;11.391092782510002;53.78466381600701;7.43150200484899;46.05230073180094;10.437342542921527;27.162618519304836;3.289898950650689;18.951677762533624;2.426417039903632;0.01486257810470028;0.25433363653340074;1236.3380678560272
TS024;L3;3;T24 L3-3;360000.0;25.658411272702775;476.48236679257207;58.34862707270407;0.6392636354779713;23.43631304994694;4.362832774039937;0.05197830656623744;2362.003928404492;447.1254321568848;84.21108125260473;618.084237940933;125.92553672659734;80.45549659023638;310.80505282356853;50.688414123218834;12.053525952898836;56.40786637398955;7.820613467155854;48.20318446457534;10.951543874641562;29.66110732021261;3.505901089425741;20.04503897466488;2.6318481639039195;0.012723922972521146;0.14394767494042715;1311.7829096652877
TS024;L3;4;T24 L3-4;360000.00000000006;23.477835236469357;443.61308303868293;40.76871560946596;0.6533738551287609;24.4817481920786;4.1099706067139525;0.04823339966107666;2355.2118691815854;403.26483851072055;82.93286691103677;556.0477640633432;90.12629024190815;71.21450682750535;270.4064337706577;44.478983134769486;10.819450058118438;54.42611981321348;7.14768140717387;46.078153730756135;9.982919722504942;27.08639373914061;3.2625005979408654;18.847283348707062;2.503982983057147;0.01895373545025283;0.04352375119182919;1238.8988783830728
TS024;L3;5;T24 L3-5;360000.0;26.8762163477574;324.62310813448113;38.5439095568151;0.04674408172430346;22.411800281028903;3.249668398029252;0.06373123537068967;2250.5970591574487;424.31938125138134;74.40801541908046;476.6560958970722;47.9294444941518;54.00709063104068;215.97033727449147;35.491191006234864;9.380780610456902;45.33040875486692;6.425321468517633;42.75890757772328;9.577517965204885;27.459059670885132;3.4016479314327843;18.462981591858437;2.5803613229495093;0.014206734387714247;0.0;827.6137574986074
TS024;L3;6;T24 L3-6;360000.0;26.17197285240949;292.185327533384;30.43335271309749;0.05063329082191996;20.610267548983373;2.8451249615487515;0.05315376553017338;2173.094312331658;383.71052774158323;74.02238982659888;452.76086912614204;38.31027741056313;49.44123676592665;191.9446233807637;31.57759976168733;7.901909679884072;39.96512412871247;5.831798768766064;38.834033776225304;9.133645117690865;25.586813059853725;3.1257102818985825;17.948699534549448;2.338779317668743;0.012492588257827512;0.0034864982667683815;817.1675307174354
TS025;L1;2;T25-2_Ap2;360000.0;39.085350689584104;688.0440273266073;379.1286511402191;0.5922405963928993;28.44417153477568;16.025649205852062;0.1973476223730549;2855.407718354984;1252.2748156449484;149.18844496531378;1178.3401511873549;430.8286295766973;178.89826453987337;704.0601625518087;123.98232172386265;29.2861524166905;142.4233841454728;19.395481577070484;119.3414301402338;25.471252505583504;67.78941409932897;7.710484041294103;39.832493810941294;5.394043799501293;0.04169754203921834;0.5619012134626551;807.5957461863399
TS025;L1;3;T25-2_Ap3;360000.0;39.310692036848145;725.947943444106;152.68795270660377;1.733928996884727;39.177758073394266;9.689245373574357;0.18803467145942684;2718.605406743981;1052.6742991737513;163.16494900232422;884.8522598567441;212.272776249978;116.11199204165634;460.2995307679799;78.68609377153845;19.257606212822147;99.0721778151554;14.00158559780087;91.27990586535283;20.524868882364878;56.43403573052677;6.67619339976285;35.078469770199774;4.859890677105205;0.035671345386348835;0.04076339462553957;602.8581377494023
TS025;L1;4;T25-2_Ap4;360000.0;35.750619744856955;627.5486648328437;151.51501925161364;0.6738312678001751;27.508162301431632;5.766864559641542;0.14628160147054;2647.089727330138;850.0908185591225;133.56229931988352;615.4720113946611;98.3583091122343;70.5086216577785;278.9757505853969;45.14113629646057;12.377181716842841;65.01944850273541;9.480322561316637;66.46781328297227;15.647302280051168;44.70726133682463;5.42075128589151;30.38538890818535;4.23283726178784;0.034360594562606456;0.00991881454477068;469.6828149279308
TS025;L1;5;T25-2_Ap5;360000.0;35.47782513697098;675.8022607635185;157.4108306826394;0.932139495993454;28.86525495500874;3.659500922052948;0.11595773156328937;2667.0640751421124;735.900191367999;138.32514657898898;477.3005736848917;47.88877203299662;46.012322853989296;184.66690972094105;30.20957007427193;8.30008658841506;47.398004189843924;7.4079232651641345;52.723523227170425;13.273537812332346;39.46700251101033;4.7822634828335575;27.24131815754844;3.9042577198983763;0.02546313086322931;0.006576069729219159;441.6201788257616
TS025;L1;6;T25-2_Ap6;360000.0;35.384692127478786;623.8219012550474;162.59498153158745;1.101950363596754;30.75355205489087;2.9209657569952108;0.11621769075122078;2672.2214416860397;707.0997792370091;136.64665683122124;413.3120447535601;25.084077585351316;34.554942911806904;138.52181415323014;22.729740816846704;6.350766414442433;39.88864959342027;6.087202798141816;46.18921596916527;12.075857165540278;36.94831356985926;4.529592593292257;26.52951428467711;3.8619914292785955;0.03467942851410392;0.00018355036762942749;458.74732588817034
TS025;L1;7;T25-2_Ap7;360000.0;34.04492634609483;562.7599958475372;157.85184773069489;2.2822659801934484;33.679624656486446;2.261505836042585;0.1094688142646806;2645.305398246995;677.8024134800911;135.00955694714781;362.3636321724645;17.77784965636473;28.602542672996847;113.27234564879012;17.97859857267735;5.356607670486043;34.35669469369764;5.405380220662161;42.31336206636454;11.251433450001596;34.69877662292821;4.329881663984781;25.343353177560903;3.701429196005061;0.022027363268917396;0.0034114664099133087;510.4210211389201
TS025;L1;8;T25-2_Ap8;360000.0;35.548117069502815;525.9877490353256;142.51965673005614;0.7944154038775555;36.723732376673766;1.505296002678097;0.0963191268805323;2656.972537719094;568.8511499973915;130.20408351379248;289.55402214251393;10.146971323851112;19.810388837577534;79.97537088121375;12.196618300715558;3.794148457925846;25.44209160337877;4.106569712487445;33.76467963549816;9.095606769765288;29.226893329726018;3.6400858839960826;22.066076473184502;3.2449082252783765;0.019154804966236595;0.00019190227235866137;518.5699643044933
TS025;L1;9;T25-2_Ap9;360000.0;34.444569279067096;486.9190694578847;138.34523618402866;0.6190344293393307;32.216496380109234;1.1427596515827714;0.07187038616094929;2655.776280480393;469.0485517921456;129.95824868543156;222.33561612997033;6.097906737787324;13.778028376791205;54.6669325395152;7.606825785978636;2.619771579562274;18.800300301259902;3.0789978634680253;25.975682877428582;7.233150521878822;23.712819746561042;3.1000469692685195;18.520935373672;2.7672788780092263;0.018917602813940806;0.00018718621252611055;499.30760626973324
TS025;L1;10;T25-2_Ap10;360000.0;34.202256517598975;456.7002042904087;128.787408529209;0.6851237574247663;36.66578257124493;0.843137164928946;0.06822869154251812;2722.605895229889;406.9014627524452;127.77521625725782;176.8562306645907;3.910121491046401;9.132204499472959;36.241199371690605;5.302556637179833;1.8379100595185514;13.905812489621388;2.328407255762893;20.650340833798076;6.2237186288495225;20.493734505470638;2.7263622017896987;16.81127071460351;2.5009583295023172;0.025013032883392156;0.00018584030468509215;511.376189052752
TS025;L1;11;T25-2_Ap11;360000.0;34.95329839194366;436.6785206368615;132.81624209709642;0.8261498661005114;37.6796288420131;0.6249888650334403;0.060091814357803086;2712.3192797255333;376.0291407028022;124.20794056305779;145.4644461592733;2.795917540572534;6.694591414128714;26.056424732876422;3.709905084467732;1.3041421336296783;10.816491744887108;1.8996651272479042;17.541700190442615;5.436508057321976;18.298378160249595;2.453269057235585;15.181209422180244;2.373744359842083;0.01453756104505307;0.00018956940462768647;504.5845744126798
TS025;L1;12;T25-2_Ap12;360000.0;34.632950176374564;384.0739691728151;113.82535151414105;0.8545678145513563;34.101063536873085;0.48212393408133547;0.053153484809596106;2620.36992709865;358.1805883209314;120.96266382736133;121.86006898823364;1.8790519651967998;4.333322129966207;17.886086160029986;2.5135117084436938;0.9338868758803917;8.694772917724682;1.563175656461368;15.14365258531468;4.962691656126296;17.565864823763054;2.4303345878967866;15.626610733915859;2.449403294052257;0.01259641823843517;0.003535685012047843;482.4024405003219
TS025;L1;13;T25-2_Ap13;360000.0;35.560882679282344;388.8770160870452;117.96340297432201;1.1390138314620042;40.15719379647927;0.4043691780325672;0.05863530459013774;2632.4747180427144;323.06235902874;121.81175485744515;96.33742198146489;1.356410686414931;3.0017809814373044;11.969342189340253;1.5836181970099965;0.6239017648017059;6.301054019522478;1.2240341624141842;12.541272179751257;4.217956283038993;15.461021817869536;2.195271236867958;13.914213042843974;2.2547975728045166;0.017578208449203575;0.0001896547678258927;465.82832927697905
TS026;L1;1;T26-1;360000.0;207.3072951396132;661.9765681598324;577.6124205239577;2.3311060712391023;25.077606569196487;77.09721769875671;0.5588296509123486;3033.635303473161;6197.112873631161;259.79928698988994;7504.032942567979;3768.7124512008754;1309.6970569018756;4941.278755976742;808.3947844647283;186.18445367533673;829.586208377255;119.57644920592588;719.9211459674607;149.07576304958744;384.4503259819439;44.86983821718123;228.89441652344502;28.835530480910162;0.23549564908213094;13.115083241479772;163.87516788462779
TS026;L1;2;T26-2;360000.0;197.60763355093297;918.1361461564422;518.4177404272529;1.132518703648919;15.482789192998993;53.29551425972665;0.43963045154095054;2816.09379966577;5383.642451612904;229.7182127681372;5739.228152489448;2192.432656416633;945.4237189747672;3655.0912139582097;591.3694785276474;136.9370447998639;644.5945964121415;94.4493858369403;601.7287827831891;126.19505850583528;331.10428036786254;38.542560032870995;198.46718111773288;24.861938405729614;0.19008453441606615;0.32769368361435164;192.06767074366502
TS026;L1;3;T26-3;360000.0;216.58165997310024;584.0342712608501;623.4830017185984;0.9178456827147494;15.601220127150583;42.858691548524995;0.45830490995100226;2708.5351365014453;5190.453534426359;225.8397656224456;5397.607795944322;1336.5388379741148;819.3902561589091;3027.7423764919045;489.9202316712361;119.18313658608434;590.6308548271907;88.63115952461693;563.0555322763896;122.60500420179699;321.37507322108974;37.35580721662741;192.64769228279812;24.55807660899098;0.13381195327812329;0.0251697583243537;151.78382570942694
TS026;L1;4;T26-4;360000.0;211.9430734348285;394.1906290582399;628.241855407422;1.5657706836056737;22.00772111008278;27.558159601439765;0.435361819029232;2779.3654936641497;4435.757186048661;219.6877002270221;4166.773324940958;560.6634758497848;530.2334883730679;2078.463135232733;338.4577534257961;84.5427322630741;439.02056974465813;67.96086403575173;437.99911872095663;102.68667127618397;273.63810194693775;32.135648738121404;164.43771322763996;21.313231204844463;0.1356615712898485;0.031974839359574805;156.2729246857276
TS026;L1;5;T26-5;360000.0;186.79760976188928;368.7692077727559;461.0357474399976;0.9561311546381118;17.02695148940999;19.85372127550887;0.37716463618070145;2671.6034839070217;3964.3704423601835;212.77843357815576;3290.6484259740682;225.68214097204483;417.7426244807033;1540.9247084387816;252.87814019060013;66.09331395725972;354.50302307914734;54.48546643497572;373.76149914762806;87.72570881139224;244.7820575201693;28.100535632875026;147.62431616456027;19.23322043602238;0.08793111786373649;0.0;174.4119018894949
TS026;L1;6;T26-6;360000.0;181.85633096270638;358.0891417907455;278.93120987340853;0.705332852565895;31.22552254117769;15.935221040306564;0.3075774940005095;2531.790301663405;3252.5713439645765;220.37621683937672;2610.6145415138076;110.92665755079884;338.8399878951722;1265.255868411084;200.08536656021388;53.39747595440609;293.40153838836;44.40673495410336;313.6935688175823;75.21760772436447;210.15454418299;24.854532625587638;127.6223719054035;17.225127125201624;0.11070044277244513;0.0;181.27577172035163
TS026;L1;7;T26-7;360000.0;195.04639837205949;412.1761855873008;165.96695419825318;0.6455827925742906;31.407258468563363;13.607368347147775;0.21680187059136213;2732.3906026831523;2307.8434151633096;226.53664470397274;2113.0041968967316;159.37968774492631;259.2615334806052;965.6677714928023;165.89965815088132;42.19833566185951;215.3581690711788;33.66918485526755;231.322504257337;54.64087952833978;151.89609496747133;17.932722768623318;98.73205129756433;13.084743915654977;0.063701812000698;0.0;251.65588999289204
TS027;L3;1;T27-L3-1;360000.0;18.679416777427214;1621.579099423504;1760.5859157358116;4.932145627142131;27.377630408513316;20.998928846220146;0.07460061580328015;2983.111030094305;598.3834344143244;116.38018752714758;1188.4558423544158;2394.668149583759;235.8301883144033;893.0154466930229;163.21626340801015;32.584891601577894;148.72696984078564;19.983150081946903;114.3203643215923;21.36219802189854;56.08155600878848;6.986919485721797;41.88633234879833;5.542721831982202;0.2965680143412763;35.05986928566795;1172.1614260160754
TS027;L3;2;T27-L3-2;360000.0;18.766527872835837;1468.797604915306;1649.7858997887913;2.885400589689898;31.726324740568092;11.151413649158679;0.07566072058528607;3095.81532354388;440.50326606334323;111.24582137343936;786.7669581952177;1399.379556435937;132.38280334084928;489.9229564510251;83.8873885178478;18.517464114218747;85.84862523812487;12.390428956389618;75.11861688822717;14.777925390746276;40.11334426947104;5.341555833645807;32.38448759610639;4.466830878043541;0.18271886752751687;0.4037333593446504;1108.0324698520385
TS027;L3;3;T27-L3-3;360000.0;43.05209132422189;1720.1923371139096;11626.408752571395;18.768675060488977;42.877582657377;8.72581974657167;0.07105254215043118;3061.386248579526;345.5738214399906;119.75150558919489;554.192075070887;930.8500603313104;77.67113683977753;296.23898124984885;49.297961805722714;11.491821032058294;54.612426965561724;8.271039548955025;53.896956669658834;11.224106111818994;31.113449813821376;4.224987620898087;27.681761234742538;3.740568598229668;0.5022832819569126;0.320825552637994;1240.5269053536742
TS027;L3;4;T27-L3-4;360000.0;16.72175842298015;1227.9065789341032;817.412526175627;3.0225604441860257;23.48523287397789;5.31987255963426;0.06201182664004622;2840.1608374256634;282.4092664913413;113.26191174147907;433.58091856503063;664.669724618307;54.63111176331263;202.71381195761978;33.74587621563512;8.121702327101548;39.3159345321922;6.278745240102341;43.2597415959132;9.336750312464046;26.308715163480105;3.49422117560232;23.666023812549938;3.2769189535000693;0.15102811445739103;0.2712166343076077;1230.3121219266666
TS027;L3;5;T27-L3-5;360000.0;16.407089456412077;1169.5983623663124;658.9501129810852;0.6390605605853772;43.931594880773375;4.4850689053977675;0.04400481588799174;2887.9748192053653;264.83917724389875;109.45946324656963;367.4957083414705;540.9857242548204;42.89045156002395;168.9328014402463;26.863015088194146;6.848679207114353;35.25459508942541;5.577009787533214;36.1488383233966;8.212009145698573;23.553651953030748;3.241144427388119;21.744928367499345;3.20978168841051;0.1557728662501496;0.3163254128148927;1226.670244142003
TS030;L1;1;T-30.2_Ap1;360000.0;14.220805422747377;896.5015585396317;345.08375997641156;4.526683248551655;30.123295357545576;6.952945411148759;0.1021980314435123;2361.6620754604246;387.2079551945518;48.987966146168496;466.1984163320462;438.19720109749926;48.7580042139878;186.6103161888188;31.005338289916175;7.231337303038577;39.079637386399774;5.517831061907349;37.10175897317847;8.462041362532105;24.095400874326284;2.9230328368641816;16.95395389303074;2.3363575959481473;0.18804684992613296;0.7198268154613996;2223.9570823130675
TS030;L1;4;T-30.2_Ap4;360000.0;53.608466719368906;987.2997168503462;3508.8081900405678;5.132200810116467;20.509508156756304;5.127081808962152;0.06904200336182256;2331.3025268405527;306.6444771278733;50.40488515389164;351.98708379020565;307.1805639836477;32.93686239968516;122.96852256350962;20.256027020144224;4.7503968509740515;27.06387432728439;3.999312112250682;27.153366888474714;6.489341371587926;19.11030276103063;2.4029912907509483;14.216486071105344;2.0626993147788406;0.4484958330983122;0.9452391514554856;2434.310074849727
TS030;L1;5;T-30.2_Ap5;360000.0;70.0744292815702;983.7680047223498;6366.80200692271;4.576598490552489;33.33002867598123;4.6914787027882365;0.10948172281963539;2288.3559544915906;297.82924195066636;46.37078248412411;317.55668359505086;270.8235256266678;28.888589319992132;110.82814158504678;17.390105044453527;4.129884414717679;24.412753536554302;3.5629835537968124;24.853594854082566;6.04633594499678;18.196185344325873;2.3109852745831816;13.45236547799856;1.9550578641405834;0.45563583327214957;1.1421362835290747;2449.7121848942174
TS030;L1;6;T-30.2_Ap6;360000.0;52.96351102540021;914.8923783314357;2745.1931232435436;5.868039041586833;20.960558766994478;4.311901831674694;0.06723627581435754;2252.8188546246147;279.20251317453665;44.87945957235047;290.584013885289;245.3438424712164;25.46915604741376;95.6162958701383;15.2418567689682;3.6765386600460093;21.748061779600526;3.2119597507592084;22.873175543906545;5.548677553215651;16.94152436543118;2.2109636242119297;12.991418827466662;1.9159334904790362;0.5679718867131893;1.4194846172260742;2108.2678148829823
TS030;L1;7;T-30.2_Ap7;360000.00000000006;19.255603319504047;815.4852281028448;629.9741070797459;3.5510149630579675;23.276997123024834;3.6187430610706257;0.08487453904895258;2200.669085713831;258.66321883188374;41.31086497005338;265.41537568307484;217.4474346788183;22.78263332936391;85.0081424554483;13.318124823639783;3.4116137063963308;19.630757862822577;2.9393701447755194;20.779468392449168;5.260912191506359;15.394205650016128;2.006750496032718;12.556863676898514;1.7855033247994034;0.3010887276117387;1.3420811321415764;2286.804913819624
TS030;L1;8;T-30.2_Ap8;359999.99999999994;69.12861737971072;891.0188534768074;4506.240270469758;4.886352656948557;22.899594164291123;4.486596662438024;0.06859575705434527;2225.0957482377753;250.5220613588734;43.329811771267636;251.20361166934066;200.5702489596165;20.891839046622827;77.42160835210343;12.127923508000462;3.0339639949405646;18.33421152970136;2.7602358822919006;19.827158610692766;4.7934366857105575;15.011885737972785;1.9560463670577783;12.081166888796565;1.8092400995367874;0.608917665024149;1.3914818549858787;2301.961278351771
TS030;L1;9;T-30.2_Ap9;360000.0;17.80815651817078;841.353123589386;492.7088352744948;3.3881284394335607;22.203411197179456;3.050075907725064;0.0821896225482246;2187.996122217228;238.17936741624803;45.94995893732107;226.68139299579315;178.65416261156332;18.24663383303473;67.96413371108756;9.938753053599275;2.598713175197563;16.151545026787197;2.4534603421084196;18.25048776489429;4.5291676517630295;13.957404196978741;1.8323027841906925;11.076305087995134;1.6550401771175762;0.3470785371267018;0.7981601642395155;2200.443591929421
TS030;L1;10;T-30.2_Ap10;360000.0;23.814535426088735;882.6883450045283;746.0016715877206;3.992855687054329;19.85322828393702;2.9881081460653536;0.09135189836383385;2282.5505243900748;220.14109810501603;46.658538379554294;211.45205799126856;167.3184543629072;16.593032033528612;61.308387912479674;9.061529470519911;2.4812441843065156;14.955325417114329;2.2695965267975478;16.8229311429438;4.1550199559835415;12.925271889971093;1.6662094893235473;10.241129059460881;1.5534582382434015;0.2868208700941776;0.8742282478492144;2211.1797549479015
TS030;L1;11;T-30.2_Ap11;360000.0;35.09754552052099;862.967525573786;1627.5326399714377;4.965634032792018;28.325995850636588;2.9424588997155174;0.07645137443461886;2152.350533908841;210.50231149626677;40.80219253316055;204.60243562259376;155.81020944949304;15.30707506066091;56.40060593647908;8.719370332595702;2.2250881677275647;13.952928871501184;2.1281796573083334;15.464751114616469;4.004604368491225;12.265783667314716;1.6480756814087467;9.828701466261018;1.465905306451818;0.2110726009520694;0.6159807429343896;2383.279485865127
TS031;L1;1;T31_1;360000.0;85.13788498851038;781.5542186448009;2558.4600363277414;8.671799323446727;31.170066218508097;1.0826714665176749;0.024716967660701944;2786.0851552193267;17.404326776149215;113.90398559056469;25.532488115010242;32.28246599162549;4.512843787045177;16.45627067725079;2.659265242204078;0.6622234643593534;2.7562706870301468;0.41653714739302555;2.327385867217686;0.5298081674931021;1.5610930774977951;0.225968278121523;1.510424266300354;0.19974421193966707;0.05546924032513395;0.518845705999137;5211.6149059651225
TS031;L1;2;T31_2;360000.0;85.20265463835608;750.2743425323943;3097.997425946895;7.279121362085479;27.39813495538788;1.0118319203385389;0.029379477352843398;2699.0555586777873;13.596798748176274;107.23485784324548;16.43109321894087;18.950273533093238;2.544032765384863;9.796891999310864;1.5274835341432957;0.3391002593195985;1.5467040371634564;0.23022479575100077;1.4999202512214596;0.3495398653062915;1.0304433642822415;0.1758132145632519;1.2815993529017486;0.21294022656726885;0.05854981492356631;0.0;5421.816409140737
TS031;L1;3;T31_3;360000.0;66.73600675504254;621.636668959018;186.22679210012635;2.3056959840550477;39.99553128049518;0.5867214953580436;0.02035157702394028;2721.3432583516246;10.41090244513264;100.35105816626893;12.286698008990259;13.209813805755939;1.621329546396078;5.7929169123031405;0.9667179076196379;0.25081166157938983;1.1052028355093235;0.15975363061885792;1.1470395244799696;0.2855301221608144;0.9233659484703803;0.12821165843974378;0.9561109437209743;0.14585157598759696;0.021158981860280892;0.0;4998.238386953227
TS031;L1;4;T31_4;360000.0;70.12660953522527;546.3910307862695;656.6940526762047;3.2857754179520033;41.86019971499774;0.6750237257698871;0.018035004075860103;2677.7416912539998;9.944425751981099;93.356319295197;10.25721862638971;10.91672007298511;1.328367582349904;4.95075759562307;0.6823948267235198;0.18319370750422842;0.7965065667709009;0.13952072360643822;1.0899163809236372;0.22920643444576555;0.791863179787886;0.12028517974280967;0.9065040486540501;0.1624978759104099;0.046588665033980535;0.0;5501.896865741101
TS031;L1;5;T31_5;360000.0;68.01889573247757;516.6917709937322;94.18103362597037;1.8641268229381938;31.4881827073161;0.4898677243663887;0.014586042920629625;2698.904297185324;7.699091023822837;94.35458504894969;7.909458079018245;7.805337034475957;0.7747146642017628;3.0943974797096616;0.5025930429088832;0.11848484813776161;0.5758227092293307;0.09614538391535044;0.6347488859955184;0.17278683091993563;0.6467530894220247;0.09867745390754487;0.6346497388707882;0.12982528966633294;0.03499403866290142;0.0;5028.849750937945
TS031;L1;6;T31_6;360000.0;69.34096063539121;441.702058716457;145.32196170766034;2.4155120227826825;36.605617611994624;0.45546788744145644;0.019782320338614483;2726.51472860169;5.719505251703156;89.13344297216013;6.312970037778187;5.564012202543469;0.5859945843201033;2.0186537588650277;0.31518914217107763;0.06875729841390676;0.4378096200877519;0.06197537596154611;0.5464412124152127;0.12949438864866855;0.4827510925214972;0.09060862619448419;0.620502202805706;0.12472660275896769;0.04699928016874004;0.0;5479.096734608935
