SampleID;Line;Spot;SpotID;Ce/Ce*;Ce/Ce**;La/La*;Pr/Pr*;Eu/Eu*;LaN/SmN;LaN/NdN;LaN/DyN;LaN/YbN;NdN/DyN;NdN/YbN;GdN/DyN;GdN/YbN;DyN/SmN;DyN/YbN;Sr/Ba;Mn/U;Y/Ho;U/Th
PR003;L2;2;PR-3_Ap21;0.005526467269000321;0.006495489560817072;1.4027663908839558;1.7853058243848727;1.2820069701899783;0.9246578136017013;0.9704045080916556;0.6739937479440199;2.2759238352749005;0.6945492754041912;2.345335183727256;1.0016047545745543;3.3821918102573116;1.3719085917670868;3.3767729184691673;40.7527913777358;0.26312872912009283;34.5742471634299;2732.9572923213277
PR003;L2;3;PR-3_Ap22;0.005698729345991309;0.006668788872322137;1.3908097917224636;1.78561406944219;1.2943829650685874;0.8873824635646517;0.9633064556787533;0.6669457051255405;2.3252465199374366;0.6923504988405847;2.4138180599018715;0.9918511917499574;3.45800042520443;1.330516797312036;3.486410515980084;42.08562089392937;0.26309584801379915;33.560534662697584;1954.4017226919625
PR003;L2;5;PR-3_Ap24;0.005495100527378459;0.006592186216435646;1.4675664182089967;1.7649737430302694;1.29682670270308;0.9281911010042968;0.9700152102521589;0.6818509693909041;2.4416827137010846;0.702928121316422;2.51715920316998;1.0145185512927795;3.6329528307827497;1.3612814862365712;3.580962443863993;42.9825514948123;0.2838467099904969;36.011868361936585;1188.0383655277674
PR003;L2;6;PR-3_Ap25;0.005716554821291609;0.0066019969305840046;1.351022654787782;1.8001092964929977;1.2813163936889864;0.9236489281302145;0.9654389228045925;0.6961796007899629;2.438694714061364;0.7211016506021599;2.5259958516867904;1.0188162737040645;3.568880585501952;1.32673943201171;3.5029677848850347;41.845849303244826;0.253572109535449;35.43402506715837;721.2532697406523
PR003;L2;7;PR-3_Ap26;0.005651688465491788;0.006633568741180944;1.4011952476976053;1.7794242737563322;1.266412114593795;0.9036427441610171;0.9571588048545716;0.6783449914291704;2.315347356710752;0.7087068394384529;2.4189793218927136;1.0023502218885871;3.421251672926226;1.3321285711230482;3.413229825479606;40.05935234931536;0.24495619168373114;34.2719351736182;600.5331173507224
PR003;L2;8;PR-3_Ap27;0.005840178261487142;0.006765858085566252;1.3630190360084553;1.7881064670583573;1.2705154108352406;0.9107552145221784;0.9495290841800835;0.7026328981272671;2.3105190054346756;0.7399803858920122;2.433331473390101;1.0290595666535098;3.3839316274750386;1.296203489688031;3.288372934989124;38.19065803389332;0.26895012491942377;35.44985626701331;520.6172824842993
PR003;L2;9;PR-3_Ap28;0.005893182337390634;0.006783869539827769;1.346108993800681;1.7882246697654882;1.277101140951595;0.90638742639815;0.9380443524088524;0.677945246833408;2.3907517887251895;0.7227219534902347;2.548655383496372;0.9965219699526006;3.514202206293464;1.3369625801372087;3.5264673657527257;38.114122841467214;0.2764194014868704;34.41744090705362;358.04329280224005
PR003;L2;10;PR-3_Ap29;0.0060079922438740375;0.007067285714894335;1.4150296063274326;1.7592529288570615;1.2701986695529657;0.9036012416231444;0.9243221183208747;0.6819378938439419;2.506660266451381;0.7377708272120022;2.7118903862270276;1.0293047889779026;3.7835079116302626;1.3250491720437068;3.6757896709946114;39.24695463664411;0.2961281623816134;34.92513494735079;238.83524813990078
PR003;L2;11;PR-3_Ap30;0.005974135589656774;0.006621817507717226;1.2382225351960994;1.8374215571131205;1.2641469146195488;0.9068383997579793;0.9554174997171051;0.6904701617245146;2.4044287442515357;0.7226894650024306;2.5166262340426844;1.0297973995727245;3.586070196145642;1.3133636325327434;3.482306517411625;38.02467420315374;0.31936350349607695;34.49572843318454;204.67496905476878
PR003;L2;12;PR-3_Ap31;0.006230514594221662;0.006841635308498048;1.2136027107161043;1.8488060619904738;1.2573513825894613;0.8879893337359107;0.9581636697478886;0.690501664889998;2.4760169731814528;0.7206510606603174;2.584127379650014;1.041489140865087;3.734596049926886;1.286006071943902;3.5858233210428256;42.47860947105615;0.3257270206084432;34.25253212895231;165.8165544140563
PR003;L2;13;PR-3_Ap32;0.00630177668699037;0.0071577794821216815;1.3083224366264723;1.7975214478780506;1.2697217011617916;0.8844170004897794;0.9313613364267527;0.6850514247005696;2.44182960792633;0.7355377530796242;2.621785457934745;1.0543139355839746;3.758046317593684;1.2910227883641743;3.564447163939019;41.99370130975753;0.31144902509937256;35.26055137529678;129.82157281277705
PR003;L2;14;PR-3_Ap33;0.0066607386438633604;0.0075460056231968315;1.300085505661088;1.8029944927270147;1.2890432837200199;0.8974585087159392;0.9374986450311793;0.6915574013722673;2.489536696347416;0.7376622942737879;2.655509647445537;1.0353845508064259;3.727279657406542;1.297735382392119;3.599898853525958;47.59228611817493;0.3328563051809247;34.515468860190595;80.72469004524405
PR003;L2;15;PR-3_Ap34;0.006699535231420123;0.007912191947738262;1.433473821837203;1.7416768011142212;1.2748514218778924;0.881818764113636;0.900308166296791;0.6773832025705435;2.4797863695265288;0.7523903791262966;2.7543750710676713;1.0598586497067282;3.8799648754116105;1.3018019353997818;3.6608323916450836;44.90083506895125;0.288113948808717;34.09349791532473;70.26326645912087
PR006;L1;1;D-II_408_Ap1;0.010862088383830725;0.015128058464042802;1.8793558506729229;1.801594378054346;1.0931233683422938;1.4125186285136433;1.3833571511136078;0.7324989887086268;2.683760791121318;0.5295082243359658;1.9400346388934198;0.9117923914413556;3.340663546999695;1.9283557387620018;3.6638423158135764;15.338510692624586;0.08335255453723302;43.808027893499016;30.98092075937951
PR006;L1;2;D-II_408_Ap2;0.008990757497143337;0.012665312955080023;1.9182652101407724;1.801189627090896;1.0861249273635347;1.4102359832440738;1.4000273207406662;0.7304526754613552;2.6261812647910463;0.5217417293506235;1.8758071545358839;0.9013354605069184;3.2405525767703343;1.930632922048463;3.595279137190299;4.250985695593808;0.04374655387053085;42.55949896373423;93.0548578009314
PR006;L1;3;D-II_408_Ap3;0.008274697455648636;0.011512169365180321;1.8825051865960167;1.7983565207129761;1.099248587229638;1.4032262814019345;1.3607716155029892;0.7260473935139728;2.50808734064753;0.5335556571303114;1.8431361384036897;0.9127368883275269;3.152995046062695;1.9326924026412462;3.4544402514947694;11.247994147856591;0.030729335933899093;43.1845787338321;190.98709814495226
PR006;L1;4;D-II_408_Ap4;0.00759525140355157;0.010696698529684244;1.9209095730698762;1.7997228497576279;1.0860044681402037;1.441804219783042;1.3890690312788252;0.735438662351629;2.695845482499969;0.5294471662611028;1.9407570263214924;0.9180014785394013;3.3650530840129895;1.9604683484721181;3.6656292638733032;11.811880090413451;0.027908839638536312;43.066156081564905;335.0650823654764
PR006;L1;5;D-II_408_Ap5;0.007401614327692358;0.010311113785220873;1.8754710162250359;1.8150311701671635;1.1052732461588861;1.4405336877624175;1.3988445770902018;0.7315352918868777;2.6325077573360116;0.5229568058294057;1.8819158328597214;0.9027969155582282;3.24881097311922;1.9691923325350338;3.5986066380281954;10.617078349407905;0.027144572793775905;43.38169664289096;596.6086038638616
PR006;L1;6;D-II_408_Ap6;0.007085021103748463;0.010033621403193959;1.9532700672929275;1.7833661831238397;1.0950010223034028;1.4085162788465735;1.3603710434545775;0.6896086556568198;2.5477321320026554;0.5069268851133449;1.8728214954743878;0.8883056838895846;3.2818105099486172;2.042486368598474;3.694460780188526;11.161607438463372;0.025635400412520257;42.74591887804553;1170.3496583630304
PR006;L1;7;D-II_408_Ap7;0.00699267677517855;0.010388725955087882;2.1325018567790375;1.764153031373972;1.0846813154074104;1.4473639699975178;1.4237201621206022;0.7287025821677072;2.555222314077892;0.5118299238540807;1.7947503884976526;0.9093866414348769;3.1887975906526482;1.9862204490781044;3.506536653783697;11.450873954299732;0.023506819680796705;43.553714629539485;2831.2542544013995
PR006;L1;8;D-II_408_Ap8;0.006834951384574598;0.009416638298488166;1.8337557284995385;1.8273567669475568;1.0936917659539285;1.4634691089717407;1.3987232926608983;0.7217766705449385;2.565067305857698;0.5160253456363392;1.8338632947035394;0.8986022612290543;3.19347434644597;2.027592701031508;3.553824071261658;11.307447530217713;0.023659412949372616;43.461436820553274;4444.512268762174
PR006;L1;9;D-II_408_Ap9;0.00651467453954153;0.009133967494853977;1.8855429733243687;1.830548673094372;1.1095988541213508;1.4867150299306962;1.4462257805748508;0.7064422529100975;2.5793571657127226;0.48847300497526625;1.7835093250014329;0.8745100977506537;3.1930053416671007;2.104510345759141;3.6511932222165284;11.326254047683916;0.024203121042051245;42.79757035050241;5187.4262586329205
PR006;L1;10;D-II_408_Ap10;0.00659067991015632;0.009666130070506346;2.0731744935443444;1.7795500420063206;1.1180021757498815;1.5107633470016415;1.4300572946299484;0.7102984629500887;2.542247927062992;0.4966923112922482;1.777724526569295;0.8723049920815265;3.1220897602333513;2.1269415968140706;3.5791263245935405;11.424434312636226;0.02388588051821039;42.38022963111462;4806.06927728395
SF001;L1;1;S-1F_Ap1;0.6383349272694322;0.9416956180447429;2.128149929032094;1.0258363505795243;0.9823582390419834;1.330248810604108;1.3635008627251777;0.84823079130332;1.5606175614114965;0.622097729815875;1.144566610902137;1.0142632237094344;1.8660923595837229;1.56826281743458;1.8398501650872436;23.108407589471394;1.5588931437325837;42.96708203064021;3181.8449422072918
SF001;L1;2;S-1F_Ap2;0.6310257126981199;0.9960928409028738;2.363006534907506;1.001700030120653;0.9529189963566764;1.4884829449594987;1.540446160318248;0.8491949051058221;1.4170936287637195;0.5512655534357546;0.9199241526694808;0.9941606593961456;1.6590051682213718;1.7528166219673822;1.6687495653157844;21.740361736705147;1.7098298252509763;44.006101868976856;5928.322848175481
SF001;L1;3;S-1F_Ap3;0.6641959512856824;1.0347467363541378;2.22831767781817;0.9843340141091506;0.9750296648021952;1.606541312637506;1.7107244021155972;0.7852053191777931;1.2242587447946678;0.4589899566562301;0.7156376230330652;0.8853240263517643;1.3803595757258922;2.046014301482004;1.5591574775329053;22.246941718686216;1.6443604869198518;46.77739243728783;7861.267504867365
SF001;L1;4;S-1F_Ap4;0.6835970739250508;1.2172156789488187;2.8172523235767337;0.9130792560201834;0.9854091174304997;1.7194338002683944;1.888223673211352;0.7549607721256503;1.0573821914347192;0.39982592255167976;0.5599877845172873;0.8545409470921822;1.19685209174901;2.2775140957684408;1.400578984332627;23.469334097352125;1.121591238873979;48.28108641777623;9410.184659167486
SF001;L1;5;S-1F_Ap5;0.6508822943168551;1.2967460732909817;3.4264350756450463;0.888481055140705;0.967701692304522;1.9074822491558683;2.054299472672811;0.736215185743782;0.9452962406172337;0.35837773194085776;0.4601550325023091;0.8015166340120963;1.0291429402646128;2.5909303232162766;1.2839944881905985;22.400874956911007;1.146889898993959;49.13852517526586;14331.80167418335
SF001;L1;6;S-1F_Ap6;0.63097907450913;1.410180945798173;3.993172152291434;0.8513772172407483;0.9614288579736404;2.249533937142672;2.4412633779909445;0.7118678704328315;0.80230875953267;0.29159814416200697;0.32864490032736077;0.7350789695925327;0.8284687661121027;3.1600442028306532;1.1270472974778991;22.431084497891295;0.8140117455546109;51.12592420801903;17788.217839460518
SF001;L1;7;S-1F_Ap7;0.5855588793617684;1.445426216346596;4.421133618924027;0.8367507046319864;0.9800156107355446;2.7862409478360766;2.9580246163156256;0.679883752209427;0.6870643853360588;0.2298438452673385;0.23227135485837622;0.6507404251731548;0.6576132592990651;4.098113741917782;1.010561560124502;24.188877676257874;0.7128619805105201;53.195155531704444;19209.796836335885
SF001;L1;8;S-1F_Ap8;0.5280751146888559;1.5123676314387609;5.505603027200664;0.8207003683022543;0.9910349572199376;3.305636995967469;3.386190055118508;0.6503203100952668;0.5709794297494508;0.19205074124893065;0.16862001850320477;0.598348627661188;0.5253484366239511;5.083090508865115;0.8779972282671085;22.293904756997776;0.7020700589891935;55.70784412988866;13229.63003953889
SF001;L1;10;S-1F_Ap10;0.4285985006341942;1.7033960287819765;8.513603277235077;0.7745491971492792;0.9736939715578004;4.8000546303697815;4.758296499945989;0.6162759578622855;0.43420353398101813;0.1295160900270256;0.09125188688555805;0.4931830916272003;0.3474771951627347;7.788807220421234;0.7045602354619946;23.16938306759259;0.7021745996026696;58.31178450614449;28845.19528559328
SF001;L1;11;S-1F_Ap11;0.37632223438057844;1.6031665226047374;8.721930650139779;0.7930408543026675;1.0184231591203288;6.040466939304856;5.616407397398312;0.6019985483758888;0.37606009385861444;0.10718569821960432;0.06695741018231988;0.45107490332374434;0.28178019853841024;10.03402243344477;0.6246860476211679;23.8965218564832;0.5827782393214548;59.985206403482074;18746.3182131003
SF001;L1;12;S-1F_Ap12;0.34571024589205196;1.8091506144732803;11.787136107425816;0.7502198151796493;1.0360532746580389;7.453177865702604;6.467965973075519;0.5512546591460563;0.297930153427454;0.08522844143596114;0.046062418180253376;0.3949675575548062;0.21346349290445182;13.520389790896742;0.5404582954255207;23.174616264668092;0.8867641507131472;62.8242078990838;27906.42343430785
SF002;L1;1;S-2F_Ap1;0.5972558412107861;0.7377480708006681;1.5172652202200927;1.1366804314226553;0.9680454872875672;1.1227722841280146;1.16850164566192;0.9045453419893644;1.76338027049375;0.7741070330088987;1.5090952392239463;1.1288357752227245;2.2006268146574293;1.2412559459525867;1.949465868251062;23.527400641288754;2.5683319898878705;41.01112008054714;28.75780966937274
SF002;L1;2;S-2F_Ap2;0.585805843754232;0.8069301247787767;1.865364252391638;1.093626084270559;0.961667518874902;1.2379048586398125;1.2964682564445245;0.8855171587870458;1.7168576403995681;0.6830226304310112;1.3242573675563278;1.0574203296101208;2.0501468029052083;1.397945648320871;1.9388191672663542;26.277966624410997;1.725190741290726;42.49799111250347;547.7601514311087
SF002;L1;3;S-2F_Ap3;0.611212061762659;0.896475716977793;2.0818710653818333;1.0476877004136027;0.9654823219621763;1.3730881048239978;1.4094691240221722;0.8472667514686827;1.5140377102636822;0.6011247334392509;1.0741900510336153;0.9952017511407003;1.7783926702370632;1.6206089787470563;1.786966982522558;25.461424782115863;1.060268387856092;44.615574990632005;3441.3510432492753
SF002;L1;4;S-2F_Ap4;0.6514107069452043;1.0118725089767704;2.276109549766743;0.9947867323642071;0.9580792862219474;1.4817515770741052;1.5598407558859326;0.8175380330186124;1.3227885281478058;0.5241163432444619;0.8480279305155801;0.9347961414574106;1.5125138674111627;1.8124558335261831;1.6180146668695603;23.260779926497317;1.3564610002733655;46.58581052831694;5730.16908387886
SF002;L1;5;S-2F_Ap5;0.6504732152865871;1.0797361663724536;2.4900700977677435;0.9654554285034584;0.973178996853136;1.681811222707075;1.7954054032714917;0.7840545275201561;1.145449875705521;0.43670055024424786;0.6379895446556768;0.8792883762037104;1.284579995242687;2.145018189010891;1.460931396351224;23.53713551724553;1.2308471600541473;47.16887724307664;7425.9544172029255
SF002;L1;6;S-2F_Ap6;0.6591514653529014;1.350682489418407;3.6952025978179526;0.8744720006745285;0.9665889746642718;1.8519716030834856;1.9936268062675695;0.7594478653182706;1.0216733565371823;0.38093782794789693;0.5124697126489486;0.8058891171584321;1.0841500475862014;2.438576349552788;1.3452843877690248;22.35003385866246;1.246540326537806;48.88978307333278;10695.776230518544
SF002;L1;7;S-2F_Ap7;0.6518131559042197;1.3018882176586004;3.323638405947017;0.883217209732267;0.9662860959165224;2.0135547401042104;2.2235017409974405;0.7422095281628875;0.9139418231876106;0.3338020899547125;0.4110371520454153;0.7945978574584204;0.9784517538383586;2.71291955128648;1.2313798038268169;22.5014224391404;0.9553381507624208;50.315239630745715;11941.052366449047
SF002;L1;9;S-2F_Ap9;0.6093443312993707;1.4301572935232758;4.217484515950549;0.8438915991847926;1.0062156735685868;2.5912158011287043;2.66452019526537;0.6998749245567922;0.7423841771797681;0.2626645224158599;0.2786183337994296;0.6772778564388976;0.7184146002842938;3.7023984003565156;1.0607383564283228;22.39819156440241;0.9187580547436364;53.00047014009604;19528.627776435318
SF002;L1;10;S-2F_Ap10;0.5503551342319104;1.5215692234209912;5.300425400492232;0.8189087671788999;1.0169655989623207;3.150775420563846;3.2019681648665204;0.6756576518088901;0.6201310876939988;0.21101323218091897;0.19367184674050317;0.6082737244723678;0.5582848730608664;4.6632720167210415;0.9178184928917272;23.395403919974807;0.8621069097936401;55.79522727757423;21347.484976107204
SF002;L1;11;S-2F_Ap11;0.5043482101502005;1.5891390722767857;6.101642231976265;0.7970389534341452;0.9910819857983091;3.791482721502348;3.9167464939782883;0.6466571769443694;0.5188065071733371;0.16510059508282132;0.13245853617816833;0.5517520834850372;0.4426651113826723;5.863203652077493;0.8022898773424871;23.458735539288334;0.7959033486681729;58.0450028461849;26174.054475177072
SF002;L1;12;S-2F_Ap12;0.421660940097877;1.637629127633828;8.130299840956761;0.788856172803466;0.9854521055508492;4.775697513127205;4.757738561036773;0.6213473955777221;0.4454621039183595;0.13059721285785034;0.09362895800253629;0.5024070395535272;0.3601902871980638;7.686034490716442;0.7169292204148915;24.805864762032943;1.0537925586877295;58.32357261130914;16999.403847336747
SF003;L4;11;S-3F_Ap67;0.6092204013995619;1.3919041464152264;4.510018206513305;0.8661452722303591;0.9754354793621753;1.8440211258680501;2.149512624009323;0.4095211922605347;0.42374421693025505;0.19051816104093675;0.1971350213053772;0.5590713305997287;0.5784883607254726;4.502871061908063;1.0347308636000254;28.835424216139554;1.5257008926586169;46.94753368477553;4605.280780831038
SF003;L4;10;S-3F_Ap68;0.6545651389580079;1.2925466495922588;3.5101517963587714;0.8932073794678708;0.9803654248754013;1.6287111979508648;1.884037662911921;0.42936659298020047;0.5043003631000736;0.22789703275707468;0.26767000099172106;0.6161735767057764;0.7237092115355217;3.79328812389922;1.1745216589855387;29.03898505342786;1.37384168996315;43.90532079388106;6091.509715699889
SF003;L4;6;S-3F_Ap72;0.656641280543074;0.9568089468055521;2.18113816190462;1.017931098721701;0.9460911273195145;1.0862060596023293;1.162805919057713;0.48741227799366754;0.7330932500436178;0.4191690719880797;0.6304519421759432;0.7794570613059162;1.1723436937089742;2.2285159989680055;1.504051668663837;31.318514045053156;1.0550267052440923;40.05444759263183;2487.2748809309037
SF003;L4;5;S-3F_Ap73;0.6625681942704071;0.9147693220533475;1.9670794005689969;1.0364175747188438;0.9582611125678675;0.9956392209595811;1.086194608407104;0.4525547006472435;0.7918927321083574;0.4166423743447884;0.7290523502686705;0.7805788109101536;1.3658783928516893;2.2000417176876486;1.7498276583489085;28.949798157891095;1.1098511191536167;37.944485939613045;3040.7241472324695
SF003;L4;4;S-3F_Ap74;0.6806574357902238;0.9049611197705686;1.8228247907054638;1.0412679847337247;0.946691675954734;0.9560707110979357;1.0443974864853343;0.4650693025227426;0.8329759991354327;0.44529913997382375;0.7975660703077818;0.8012998356159177;1.4351915457730884;2.055759659714764;1.7910792963908835;22.38019241119043;1.3588747742485494;36.82354841935619;1479.8923471195903
SF003;L4;2;S-3F_Ap76;0.7224443507431935;0.8975530310223767;1.5916634537150955;1.0453527064328734;0.9409310274245399;0.8512578589370684;0.957949838777997;0.47713307525048887;0.9014513712086503;0.4980773062806095;0.9410214759872828;0.8482760488302468;1.6026547876188098;1.7841099330415706;1.8893080735084224;16.05177392720987;1.8858238394026225;36.12788327782265;29.563094347087844
TF006;L2;1;TF6-L2-1;0.12426114477931952;0.1639801282873285;1.6546884084236422;1.6903300830106849;1.0525045962749555;1.638854692454421;1.5431257173726562;1.2801324745977118;2.754125721491858;0.82957108431663;1.7847708002566793;1.076294583904755;2.315581126372092;1.2802227308306036;2.1514380551570302;20.700334506706284;4.9258913882117294;44.664989024802416;505.6425272361667
TF006;L2;2;TF6-L2-2;0.10763195704024117;0.14867675573887137;1.774611261328592;1.721789453877652;1.0199944663084985;1.8006467311054761;1.695110896914406;1.2958609412500808;2.544976829830059;0.7644697132257978;1.5013630284972246;1.0588063767310474;2.0794188714858484;1.3895370049261941;1.9639274159887796;21.31199347205493;3.9797324394235307;43.036470967744606;9889.917539949467
TF006;L2;3;TF6-L2-3;0.0881375756403073;0.1268083921591317;1.9023299036176575;1.7388529338261467;1.0480954524961086;1.8423585117665446;1.7535382448181818;1.2030061817556024;2.189317030913611;0.6860450208659907;1.248513990147169;0.9806236028280467;1.7846092456933542;1.5314622149970218;1.8198718045809543;22.763551375870712;3.755519149605399;46.20195717647228;2538450.8326276126
TF006;L2;4;TF6-L2-4;0.06363609481290748;0.1004134019513179;2.2354202166124284;1.7318430464480705;1.047169362942038;2.042235028632141;1.8528332405901982;1.170712027685534;2.003361179326499;0.6318496462815064;1.0812420327089727;0.9355529676685915;1.6009492106579768;1.7444384104172774;1.7112331059646577;24.042117084894826;3.9432578876032442;46.65664073856668;17657.2946203354
TF006;L2;5;TF6-L2-5;0.04316215952390347;0.07598781747786358;2.6671055542454276;1.7384878754086606;1.0809084947200407;2.327105565322833;2.070584733350134;1.1999249628632676;1.8701550132339952;0.5795101951330582;0.9032013919122013;0.8936086142548262;1.3927426143631114;1.93937590878173;1.558559969259595;24.297801124464755;3.7711883944889864;49.79171708979245;2849685.9445138425
TF006;L2;6;TF6-L2-6;0.028518795899205068;0.049939822308819826;2.5499447392979384;1.8547568675210042;1.0479147559376611;2.556265919032763;2.328144966187353;1.118669123130891;1.674226569320492;0.48049805290383635;0.7191247081414612;0.8306213450269697;1.243127477226492;2.285095624949742;1.496623563395338;24.645090012524093;3.653989489937143;48.49855233949388;3024668.8009710927
TF006;L2;7;TF6-L2-7;0.019441705072975504;0.03701469300843489;2.9068860699508225;1.8439991398590037;1.0629422202752803;2.8166209151737074;2.496258073392951;1.0873848338235428;1.459407953462804;0.43560593570581957;0.5846382507555219;0.7665447718396594;1.0288000180897028;2.5902705533143195;1.3421264561242097;25.282007383810633;3.41152501657486;52.609832514412695;3199548.4709739084
TF006;L2;8;TF6-L2-8;0.013776884486880478;0.03140965094886;3.7980929298770003;1.8059747128353951;1.0386035816172217;3.3322838928996448;2.9688345451720437;1.0922112337820746;1.2318127838533954;0.36789225440610773;0.4149145953103331;0.7347991822176454;0.8287179239920863;3.0509518578752544;1.127815522999075;24.209693419003422;3.245812637596647;55.532394960910956;3474715.8582704808
TF006;L2;9;TF6-L2-9;0.010928667192474201;0.02834683767646505;4.696857765492389;1.7452189329176955;1.0042498810009142;3.733978655190417;3.175109500945405;1.0874444942174517;1.1304820054521254;0.34249039092782774;0.3560450450970332;0.6905172439100528;0.7178456673841176;3.4337188473030684;1.0395767429634597;24.778008748129402;2.894452027242005;55.33819021601802;3965335.1470224294
TF006;L2;10;TF6-L2-10;0.009088007222584233;0.02608377440162385;5.107412219956332;1.8083245502003567;0.9896018557685827;4.60464059921865;3.9455189061955105;1.1179880150201786;1.070782369885213;0.2833563953437509;0.2713920260789527;0.6593952122258927;0.6315530744088168;4.118685117689334;0.9577762511755425;25.97062269014116;2.732502156425495;58.0043100802506;
TF006;L2;12;TF6-L2-12;0.010590610757158987;0.041545313074737855;8.38878604423905;1.6568213906263878;0.9787790135866625;6.0031155379502135;4.681461280090196;0.9559005522252825;0.8156878018291928;0.20418849906772388;0.1742378614340429;0.5342367190488031;0.4558741743614536;6.280062841239395;0.853318684595712;20.277384604326382;2.7775514261334022;59.67206930034473;
TF029;L2;4;T-29F_Ap40;0.008864591517255896;0.024613458662082602;4.74152411848013;1.8667972681987086;0.9915218829797984;4.762236251171238;4.091058061316441;1.2517158023284587;1.2492181001627325;0.30596383223309115;0.305353305047143;0.6749520046757628;0.6736051901027551;3.8045666934239084;0.9980045772681947;17.715467781914697;1.2141509488505982;55.45644323943889;96587.8400642189
TF029;L2;2;T-29F_Ap42;0.008333898391562393;0.01870151346447037;3.6755464623471723;1.8467860977960728;1.0010549916268783;3.332345581403139;2.9978401794775738;1.3045579479651632;1.6157672156094898;0.43516594276633697;0.5389771031393226;0.7934036122349659;0.9826742824226276;2.5543867841217014;1.2385553421599613;15.251741796608025;1.0955998769472455;50.79720375264212;
TF029;L2;1;T-29F_Ap43;0.00964255939891802;0.02163131518880794;3.7476818387531066;1.8074715328484525;0.9882192354394727;3.14733822312849;2.850074250232161;1.2901184929822058;1.5997760126376865;0.45266136237577514;0.5613102930589868;0.7985992346177186;0.990281052633406;2.4395729851551704;1.2400225416036663;18.880784835223487;0.9905248888522813;49.88512143583977;
TS012;L1;1;T12_L1_n/crack-1;0.7097594958624339;0.8773678602554514;1.5595346670433408;1.0560170567062341;0.9790325039332034;0.9254692498639824;1.0034751169579317;0.9917771475126352;1.8265800422412914;0.9883425415861239;1.8202544451511957;1.1397224857608648;2.099054562212433;0.9331423416894086;1.841724269229566;29.65881809571102;0.3566936508385438;36.597422090374735;3862.583876534031
TS012;L1;2;T12_L1_n/crack-2;0.5587987251948724;0.8420109822958711;2.1522526892862603;1.0758616679692217;0.9862198888386282;1.4561474292310168;1.5261826113426824;0.7150185840868786;0.8500722621789809;0.4685013305569181;0.5569924960887328;0.8211438587604066;0.9762426223959824;2.0365168984951687;1.1888813537127487;32.82355980014321;0.4222879988810815;42.49574300524876;79193.86928045191
TS012;L1;3;T12_L1_n/crack-3;0.4770635599089682;1.177652415737962;4.575632874768007;0.9299150929055003;0.9182329573471595;2.731540556759492;2.7693809449214393;0.7015667472640236;0.5748908922271346;0.2533298095195514;0.20758823132707113;0.6478923034969061;0.5309079797139497;3.89348635381021;0.8194386271428904;31.183340049362364;0.5049935453025549;45.82240240070702;129928.04849698655
TS012;L1;4;T12_L1_n/crack-4;0.40408211361123914;1.3600632219798559;7.395846195421969;0.8749985465975347;1.031392271515898;4.696262484000106;3.5986456814328225;0.7314860427330143;0.4230623347417279;0.20326703640403096;0.1175615418112747;0.5451215644678405;0.3152765580053621;6.420166906334532;0.5783600916854975;34.12272507391057;0.43593402375950857;52.026120035360684;125340.62817303075
TS012;L1;5;T12_L1_n/crack-5;0.41394268075243823;1.1504176611120025;4.893872472815017;0.9352416996544779;0.8515962746855938;3.8487376569858838;3.8147505072694816;0.7375135139172341;0.3961930754205014;0.19333204426129844;0.1038581880166229;0.457789703555951;0.2459251350993225;5.2185317073631285;0.537201106073513;32.443364387437775;0.2890877058061239;50.76117845190994;169928.2616073437
TS012;L1;6;T12_L1_n/crack-6;0.48698356551680366;1.4757124783478572;6.012174385513228;0.8333994476358414;1.0156570910631675;4.785050219288807;3.5303291751516226;0.7643040667347736;0.36569102498261236;0.21649654432067167;0.1035855317845556;0.47587062936881824;0.22768636958383792;6.2606630365468146;0.47846274918423704;29.647981607743873;0.22513812461745158;46.63446631093158;78703.06951351142
TS013;L1;1;T13-N_Line_1-1;0.07305848413293131;0.1321585463017679;3.1754370448787768;1.5276439099513086;1.1600431774178919;1.6006882305328618;1.5612882573709734;0.8338181179868946;1.5596262458357673;0.5340577654705139;0.9989354870714234;0.8763041083729953;1.639094734535038;1.9197091020250776;1.8704633686794994;18.062024497601126;1.5270331869345608;45.441591142127926;69112.14843513233
TS013;L1;2;T13-N_Line_1-2;0.042714403749537375;0.07483875155052447;2.7599571681009225;1.6775055657248417;1.1202511056192788;1.7461199404381398;1.8275292301857242;0.813271821415252;1.2716905786728532;0.4450116627314369;0.6958523878403939;0.8204139808272679;1.282858575148908;2.1470311579215293;1.5636722497772797;20.7565930607701;1.2321014025110752;48.15907169845814;inf
TS013;L1;3;T13-N_Line_1-3;0.019078009983801696;0.04325606348700897;4.3287269996572;1.6292874844522625;1.1106558772602326;2.3890672149100314;2.2314595891953624;0.7852935379380522;1.0355708546943274;0.3519192288941337;0.4640777989924263;0.7468202930744899;0.9848359776815407;3.042260122479822;1.3187054326378762;21.322822485488555;0.9669391546971097;48.8084324437689;inf
TS013;L1;4;T13-N_Line_1-4;0.01196360995883658;0.03095610169287283;4.991789502006775;1.672868181509269;1.0397263365942042;2.9609260291646637;2.8174856789833065;0.7050508043113228;0.8070650053937586;0.25024113150620925;0.2864486628677343;0.6481932975558216;0.7419807537118867;4.199592442216738;1.1446905676280745;21.902871936357986;0.8652917750142981;53.04708273254895;inf
TS013;L1;5;T13-N_Line_1-5;0.009546069243721396;0.028811588545560436;6.20630494816625;1.656981271677257;1.097153483392391;3.853167316046284;3.3196111227155494;0.6644165813782856;0.6530749734276372;0.20014892010446433;0.19673237294535895;0.580594696245162;0.5706839300066395;5.79932443596329;0.982929974554336;22.34052024725627;0.6995517015066606;55.33941257576992;inf
TS013;L1;6;T13-N_Line_1-6;0.007582306829626159;0.031775186563039966;10.19918682185134;1.5888045232036168;1.0753190405255324;4.889726380768692;4.387341316388363;0.6505141140485361;0.5293788677097826;0.148270687675614;0.12066051613818014;0.5141699991954441;0.41842402202531676;7.516710668023814;0.813785368030131;21.428429526335435;0.7499740795304555;56.90808147163723;inf
TS015;L1;1;T15-L1-1;0.3055800783712881;1.3014222587749296;8.320544233487023;0.8804239485791403;0.9607708869335351;6.830224408795776;6.075480391294399;0.5089807662055175;0.2971037621446546;0.08377621742222059;0.048902102057703414;0.38292711986245725;0.22352335391081396;13.419415550248615;0.583722965328496;30.996727352923877;0.11358476878673598;53.957563626748076;395513.2561804588
TS015;L1;2;T15-L1-2;0.2633784238446874;1.453452824211892;11.857948452766031;0.8374060905111442;0.9042902196187148;8.602348857873885;7.390428908825403;0.5016111271574276;0.2723210356215548;0.06787307385616285;0.03684779854879033;0.35119924198623553;0.1906635162365148;17.149437865588034;0.5428927327923658;28.861234561270628;0.11548767876689431;57.468914970016606;
TS015;L1;3;T15-L1-3;0.20330016703721285;1.5815900000825525;15.919254640691172;0.789577641198797;1.0544652732865092;18.114097185314844;12.23687980875331;0.47871688494195846;0.1964622987534589;0.03912082920022812;0.016054934086459284;0.27454508311241294;0.11267151804403912;37.838851636726936;0.4103935017401335;25.305168882234618;0.1440072102082991;64.57070505719895;537794.0111358147
TS015;L1;4;T15-L1-4;0.17389389838771052;1.8149211644509335;25.14770311237894;0.7493874508442062;0.980760265313495;18.64058606873429;13.680084855329095;0.4790732842562556;0.19540627833334867;0.03501975969612732;0.014283996071649213;0.22905656220719198;0.09342848332322572;38.90967557849347;0.407883897422312;25.971855738072193;0.15705934795170787;63.076415837030616;
TS015;L1;5;T15-L1-5;0.16249515052909969;1.8053373594467754;24.362150974717146;0.7380433390607432;0.9445188919556065;22.882641535774706;16.61629484289784;0.4958813452979906;0.17377017848580203;0.029843075726953706;0.01045781746946282;0.24780261899406394;0.08683671152414729;46.14539698407854;0.3504269320342714;26.891107771801167;0.12752357053289465;65.07681326726161;
TS015;L1;6;T15-L1-6;0.14873854128894476;1.7564158332134172;24.15766249937251;0.738212937423998;0.8042197034356233;24.547700541500657;19.90350483694858;0.4652141092050867;0.1529859725560888;0.023373476833159046;0.007686383569595634;0.2052976284904725;0.06751226314210448;52.76645754241078;0.3288506722581922;29.127189440607037;0.1147630806217742;70.3005821685982;
TS015;L1;7;T15-L1-7;0.1451594765343162;1.9297979289159324;30.004723054848796;0.7125199744627501;1.0261870977943977;29.044667952575704;19.498872073669624;0.442893497204176;0.14671844161285746;0.022713800856319216;0.007524457879334429;0.2077810334445326;0.06883214501033183;65.57935064733175;0.33127251255445633;27.618845627724298;0.16364218780032516;69.10221605381409;81729690.6454953
TS015;L1;8;T15-L1-8;0.11088155637460782;1.7858669186277945;32.26375272540617;0.7245606486371875;0.8211165000991664;41.84907869773238;29.213263905302444;0.4931768592383473;0.13152133594119295;0.01688194995386434;0.004502110286872832;0.18860476438040144;0.050297474651372576;84.85612800722905;0.2666818880032447;26.628952539001;0.1216703457419724;69.3657866855388;22790019.869081367
TS015;L1;9;T15-L1-9;0.0997993392366145;1.9511979760913594;38.42355336390151;0.6795543670637513;0.9319268439849904;57.20825393064196;37.45110763625727;0.5038445030028086;0.11332967761759233;0.013453393899491115;0.003026070115690658;0.17077086518271803;0.03841146818570505;113.54347142757864;0.22492986812830343;27.225946741476818;0.1085605617240495;80.62755222307275;15681560.900392897
TS016;L1;1;T16_L1-1;0.5339761231194314;1.4594279584439493;4.8814576015161535;0.828146094565293;1.146936169027864;4.623759257916667;3.5910464791505112;1.9121041198197843;0.9498085176029804;0.532464319501681;0.26449351828708845;0.654990068717099;0.3253563128515702;2.4181524478658916;0.49673472681628844;51.06419119906419;0.33109431674906853;59.42093974094605;9976.103188492956
TS016;L1;2;T16_L1-2;0.5591070495482683;1.4579319725741806;4.357940007414306;0.8199201860031223;1.2402218530554483;6.788558660040942;3.8457931226449125;2.2072897632808948;0.9769553757594039;0.5739491680620744;0.25403222290009997;0.8044636531173004;0.35605886621238314;3.075517665587545;0.4426040441139303;50.17232753457736;0.39841447025914595;60.41259386699183;4714.00958224763
TS016;L1;3;T16_L1-3;0.5342175749320457;1.3581518949808347;4.094471770748364;0.8485299673006301;0.5969025864330535;4.469194474698666;4.055689361748;2.2872163641531253;0.9404202409727634;0.5639525516242537;0.23187679259721286;0.7404852835124784;0.30446063593788164;1.953988500931983;0.4111636553986302;61.74081917619584;0.4900125761121071;66.31223251150698;5068.99225370996
TS016;L1;4;T16_L1-4;0.5543333977887867;1.6037676519050075;5.483246940466446;0.792853035140828;0.9067902103214258;5.058028002021782;3.532521537934592;2.013707365934868;0.8743322515262051;0.5700481495470937;0.24750939014441592;0.8423891768321641;0.36575722873171185;2.511798927483975;0.4341903229421294;63.778088265902056;0.47187734213119065;60.95035823470675;4013.748709846385
TS016;L1;5;T16_L1-5;0.5534704450111213;1.5505286234156714;4.97151193668939;0.7987937333288875;0.8918371754113164;4.138581280094645;3.804049145902082;2.1115672156923355;0.8573688465032284;0.5550841050429184;0.22538322025277469;0.7545299476501591;0.30636508563941256;1.9599571585210929;0.4060343616493006;61.968457287103426;0.45302967921594356;54.53307302981121;5132.800536662575
TS016;L1;6;T16_L1-6;0.5425372450325102;1.307556592189931;3.843045184154689;0.867641295327141;1.3041284555472017;6.657876940387126;3.7516886716349096;2.6075348444722684;0.9422183405484792;0.6950296447002244;0.25114513037082037;0.7836788770223534;0.2831780417416971;2.5533223283674262;0.361344486937881;59.54124573061387;0.46880916487312135;74.86552333610393;4174.429419483935
TS016;L1;7;T16_L1-7;0.5624927349071025;1.275630923799476;3.390620139189158;0.8720561060788402;1.4449020224329427;4.902200633470686;4.092838531419403;2.2968094692202397;0.9565976796752449;0.5611776403071789;0.23372475418508515;0.80654226972372;0.33591661568673803;2.1343523262009927;0.41648978397847125;60.66394586975428;0.45116162683685923;61.14086782356329;4884.582034679898
TS020;L1;1;T-20-1_Ap1;0.1468915011777768;0.2789524446278507;3.1288770938150985;1.453566365876285;0.9500558406465505;2.008842149509429;2.0161229265940124;0.6546648363785693;0.6947206176548574;0.3247147422129382;0.3445824698935898;0.7040467004089679;0.7471239195794295;3.068504733844888;1.0611851730083228;19.61400314019456;1.2739259076327207;52.76195754682656;
TS020;L1;2;T-20-1_Ap2;0.06799038609979963;0.14288509809621194;3.7122255634644947;1.5645163156350053;0.922222709200407;2.1735388169842214;2.192315224339015;0.5925335313045318;0.5505258103340801;0.27027752429315044;0.2511161735420891;0.6511034089240043;0.6049433709177631;3.66821234943265;0.9291049050372444;22.92406719090573;1.110873214153493;54.34568444742873;
TS020;L1;3;T-20-1_Ap3;0.0649359394240648;0.1413750534553178;3.7727239797673713;1.5949475013260443;0.9161876043499341;2.406731123530381;2.46069711683343;0.5885233330579289;0.4875066801055212;0.23916935125086636;0.1981173045518391;0.6050009127372549;0.5011559777874055;4.089440449242961;0.828355738373988;22.605634173085058;1.2060735966810396;57.159409568300966;
TS020;L1;4;T-20-1_Ap4;0.059246420920835145;0.15744934257211315;5.22945186702945;1.5299598246836765;0.9229447406295394;3.060561865484619;2.861562735223608;0.5604572416285496;0.41472475919166096;0.1958570520680038;0.1449294660175443;0.5459073858258494;0.4039582189529902;5.460830261718782;0.7399757347885698;23.6111023230514;1.8314241415504966;61.69994619103672;
TS020;L1;5;T-20-1_Ap5;0.050926690892399915;0.15136745136303825;5.745191386752897;1.5699986848087444;0.9095863438329193;3.8313662287598675;3.5707781318809673;0.551006351706251;0.3253768254689189;0.15430988186768108;0.09112210656939393;0.5008532748868076;0.2957607441434009;6.953397573177924;0.5905137471852261;22.177772665698637;1.419248241495699;65.28976527687264;
TS020;L1;6;T-20-1_Ap6;0.04946463364999986;0.15999433027133264;6.201397706661834;1.5826918837437738;0.933693818322401;5.2010320015437665;4.157487907434865;0.523301126536285;0.2633777250285722;0.12586954867636824;0.06335020832112873;0.4485200954125838;0.22574039376002275;9.93888936561105;0.5033005122153315;22.668495689952117;1.6845354150300629;67.56284187247786;
TS021;L1;1;T21-1;0.47920104655841145;0.5153090856141386;1.1884420323306697;1.2529876884572457;0.9894612687786132;0.5437175350369484;0.6786019582851153;0.3925627240262064;0.9946087422760916;0.5784874612184228;1.4656732568080886;1.0069700838572067;2.5512897361798585;1.3850462658819622;2.533630121767991;26.860931640643543;3.1597899832143503;31.235273124117914;5.905156201582578
TS021;L1;2;T21-2;0.5077536603035787;0.6846132639810405;2.1380724021889117;1.128186410651634;1.0255122021630154;0.6206390542571737;0.7370097266375308;0.3652931811208175;0.8433820326500757;0.4956422797666449;1.144329582321591;0.9332649184755533;2.1547045075681095;1.6990162596325684;2.3087812098280986;26.46569703936823;1.843311793352429;32.83735281317942;5245.52379961409
TS021;L1;3;T21-3;0.14632435097559576;3.5113997864910975;-58.565367822664754;0.688247354606015;0.4799463113427808;6.411400472084184;9.951394289773653;0.08459552207020149;0.006176085501987166;0.00850087129570721;0.0006206251427836494;0.12783417858685275;0.009332820434319463;75.788887108749;0.07300723904584394;25.80469228825013;1.0092837728365305;97.50121642812408;inf
TS021;L1;4;T21-4;0.28651899245496715;inf;inf;0.0;;inf;inf;0.011763538467912794;0.00010138477027016074;0.0;0.0;0.0;0.0;inf;0.008618560694701367;31.687865942508353;0.8466893590032663;232.55838918161388;inf
TS021;L1;5;T21-5;0.021418770166947095;inf;inf;0.0;;inf;inf;0.04273822354865391;0.002266854467750634;0.0;0.0;0.05519834700250897;0.0029277449815535966;inf;0.05304044668983512;30.828873349813637;1.0116732490174234;122.41924200834889;inf
TS021;L1;6;T21-6;0.046326233288592936;11.795272451982347;-29.94382986465313;0.7731082902513202;1.1647855616834357;17.472470326857575;13.71671338479482;0.06994185550351144;0.007465720013640004;0.0050990243465350105;0.0005442790706639585;0.10971836309519685;0.011711536294351066;249.81422355860101;0.1067418066034177;33.44299753830939;0.5359657039888591;94.76890176148983;386174.83387704875
TS022;L1;1;T-22.2_first_Ap1;0.7702206206280862;1.090887075162277;1.9936452530668818;0.9623642612906697;0.8765838182096095;1.1822963091438914;1.2617928534838865;0.890924455982182;1.2264083671626425;0.7060782231586473;0.9719569767545082;1.023746782847164;1.4092458815214166;1.327044398888447;1.3765570794783188;21.196792267335898;0.8506571360749132;52.29083472267923;2655.756924238398
TS022;L1;2;T-22.2_first_Ap2;0.6886101924967408;1.026232086619683;2.1310682100232143;0.9885565082789993;0.9079558476488265;1.385864397974551;1.4592630666376996;0.8943633049057718;1.0685795574190784;0.6128869601054743;0.7322734206390913;0.9501018653607042;1.1351756330131946;1.549554180468711;1.1947936051911943;23.672594311575235;0.9419249276618101;55.78151975870391;2697.7953467880343
TS022;L1;3;T-22.2_first_Ap3;0.6656516632178809;1.0502176229486548;2.3187403258825383;0.9781458487646315;0.887891137286455;1.6132418789411898;1.628392244949208;0.8702114801984278;0.9140904424532857;0.5343991798644134;0.5613453670566931;0.8587699344895645;0.9020719758881475;1.8538503750528945;1.0504233318604952;21.038838804138557;0.9345814162672776;59.44761304146351;3207.6149303886114
TS022;L1;4;T-22.2_first_Ap4;0.6447330411159361;1.09653816628664;2.5805329811781723;0.9584434008860634;0.8818391532836877;1.8938792869991135;1.865668176506066;0.8518862525720363;0.7974631565136395;0.4566118794862053;0.42744104581720976;0.8107503536006881;0.7589552410018283;2.2231598189089983;0.9361145975837958;24.080204025364125;0.7454403938654893;59.9161937178592;5968.107134352489
TS022;L1;5;T-22.2_first_Ap5;0.6312475722184301;1.2089815194061364;3.0833144456060078;0.9147616931147358;0.8825346013167829;2.3057062647282405;2.179902512388135;0.8921661790494777;0.7216229660779132;0.40926884297779376;0.3310345127715634;0.759622842051475;0.6144161270109296;2.58439102363728;0.8088436695131587;24.620945200048965;0.8655307945257982;64.54533051145374;4348.197347332594
TS024;L3;1;T24 L3-1;0.15040170950132897;0.2244907034280818;2.063424641141547;1.5654125820150062;1.0117064841192533;1.7114735961885714;1.6665375850368165;1.4649671457677347;2.374559782432389;0.8790483688583425;1.424846222343033;1.1335542234193552;1.8373738127262669;1.1682675622678569;1.6208962701262293;34.64641332056212;0.4469963926674629;41.81102538095791;2353.6759761872686
TS024;L3;2;T24 L3-2;0.13280132276733855;0.21556782268511626;2.4159591992692264;1.5391416841023806;1.0433710917129484;1.7898962666126108;1.7159736127454892;1.4720969570699791;2.2763835493986346;0.8578785513576067;1.3265842391110618;1.0933568870188282;1.6907171903847955;1.2158820504426358;1.546354361012664;27.966706918882366;0.4016212031356043;41.91686143981419;4861.087525454634
TS024;L3;3;T24 L3-3;0.12440619806737384;0.18812311866600498;2.11389226205889;1.601871534439924;1.0513327088798095;1.7969806275937625;1.6746574263078613;1.4847078963482643;2.2720359470989036;0.8865740974986261;1.3567168493129311;1.095516091967322;1.6764590177617087;1.2103260392253274;1.530291549393065;28.048611812966513;0.363232638024039;40.82761638678264;9112.914885274597
TS024;L3;4;T24 L3-4;0.09954541310095698;0.1491552815963376;2.059660913509305;1.6710481487893647;1.0255913096832538;1.8423056294154592;1.7316553535928896;1.3972885788868183;2.173891045827634;0.8069091669931218;1.2553832038905322;1.1057759055036132;1.7203578244240136;1.3184861432726902;1.5557924674082098;28.39901666136845;0.3580704533510086;40.39548045263978;28464.892029243427
TS024;L3;5;T24 L3-5;0.0643804739457037;0.11120826633831662;2.6651662367447586;1.651620746159779;1.0907723792191715;1.9791969287568638;1.8585635978382478;1.290766336159781;1.9022944882433985;0.6944967272904252;1.0235294021985664;0.9924710618874789;1.4626754493664733;1.5333502844870162;1.4737713829003345;30.246701870512837;0.3922398645421592;44.30368941023481;
TS024;L3;6;T24 L3-6;0.054823091596627176;0.09367510784826408;2.5518614565289663;1.7153213687865043;1.0374141745217682;2.1129742254346513;1.986366193163592;1.34997417582247;1.8587044222647522;0.679619991756117;0.9357309989778274;0.9634373543162565;1.326503353259828;1.5651960335814015;1.3768444282516286;29.35725687082299;0.3575586603115016;42.01066746050579;234380.59284476974
TS025;L1;2;T25-2_Ap2;0.21073647112029906;0.2958991560337409;1.9025033784867935;1.4679047691545277;1.0278791169629564;1.400603933923408;1.4093773456925607;1.1432692382404996;2.1797546541725814;0.8111874663904883;1.5466082670013839;1.11723589772337;2.1301195435111544;1.225086696182737;1.9065978347560903;19.13960373418239;0.8519658883491099;49.164241741564915;1437.255743246431
TS025;L1;3;T25-2_Ap3;0.14606510427199212;0.22662789194767713;2.245442827688648;1.5314552562095014;1.0172500296956992;1.6572087156664517;1.6188127411281643;1.1224439430100923;1.8586797151385346;0.6933747891234483;1.148174626944933;1.0160880525141445;1.6825626471269377;1.4764289352591313;1.6559220856536108;16.661699852615133;1.2041770658586848;51.2877478149552;14789.203482373678
TS025;L1;4;T25-2_Ap4;0.10195128054971332;0.17251868208557894;2.5583189145112417;1.59283037561857;1.065526217803731;2.0092790293457936;1.8578396833210278;1.0721757907598706;1.492512384741684;0.5771088864047064;0.8033590832087869;0.915770625394179;1.274790022086559;1.87402014358278;1.3920407433224296;19.819138640241;1.3361116159405069;54.32826715713851;47352.716678784294
TS025;L1;5;T25-2_Ap5;0.06752328710013421;0.13101526503357205;3.165387316784809;1.623350036836149;1.0230116525021535;2.328369180313564;2.176553047948419;1.0482300656960744;1.291035762378611;0.48160097300827;0.5931561206815147;0.841609151875136;1.0365544250005971;2.221238692259239;1.2316339748577068;19.281122349066994;1.5302793965629724;55.44114928307053;67155.6411367614
TS025;L1;6;T25-2_Ap6;0.04248885364687545;0.09124537937022449;3.6375236102734094;1.6726750232761831;0.9836814644146854;2.679711305472628;2.512616878006779;1.0361116361296936;1.147950595396814;0.412363558168735;0.45687450619509734;0.8084693535769889;0.8957363699393978;2.586315230936369;1.1079410319962097;19.555703034774037;1.3598376841702127;58.55483130876973;
TS025;L1;7;T25-2_Ap7;0.03485947501049649;0.07695300922065063;3.722359749189702;1.7085500130251348;1.0052092829850328;2.970251329895524;2.693934870701631;0.9915991592854642;1.053549543069819;0.36808579526913504;0.39108203933505775;0.7601313771968343;0.8076207584684025;2.9954153370156704;1.0624752282252796;19.5934677371214;1.1025407899381403;60.24142759161011;149619.242814673
TS025;L1;8;T25-2_Ap8;0.02576490589822029;0.06495999238741038;4.537785607124873;1.6952240579136189;1.0045428227776112;3.498602481482719;3.04887571421098;0.9929698190229332;0.9668941169590455;0.3256839281426414;0.3171313649986774;0.7054154982861182;0.6868910637945871;3.523372427296218;0.9737396831561851;20.406215120262658;1.0143043084664207;62.54130861157169;
TS025;L1;9;T25-2_Ap9;0.02060373608234962;0.054922459728443125;4.7661751354024595;1.7349804160087372;1.0217144968445182;4.30734837561715;3.424922230548876;0.9910855508370153;0.8845462724149019;0.2893746146983853;0.2582675497052513;0.6775676010576815;0.6047307372390917;4.346091386338349;0.8925024400445185;20.435611493263437;0.9751885678161368;64.84706081718724;
TS025;L1;10;T25-2_Ap10;0.017209430577173033;0.05314725646067124;5.723232874549433;1.7370547395997904;0.9982370151253552;4.915180591116206;4.109454577854138;0.9916586864711763;0.7751651825974246;0.2413115092730864;0.18862969961385917;0.6304112625485423;0.49278332163242505;4.956524516118451;0.7816854661515191;21.307777634657228;0.8930806988420357;65.37915465302171;
TS025;L1;11;T25-2_Ap11;0.015260848819777599;0.050640457163818146;6.09480987603057;1.7715271757588569;0.9601753945545853;5.778278759620406;4.701196613459932;0.9601835328210819;0.7060328710856093;0.20424236886242825;0.15018152379846786;0.5772574646845953;0.4244633772768614;6.017889874286268;0.7353103307356653;21.836923367621132;0.8654218594477273;69.16740244620075;
TS025;L1;12;T25-2_Ap12;0.012717834723130988;0.05661977168822711;9.355126926787884;1.6719314353263646;0.9316975452127025;7.1447154575938345;5.737365041497913;0.931750987536007;0.5746071960820062;0.1624005062945664;0.10015175815481797;0.5375048962910991;0.33147717090693446;7.668052465914591;0.6166960955968944;21.66263410698741;0.7961692083781214;72.17466107908761;136438.18350801503
TS025;L1;13;T25-2_Ap13;0.011805247409824627;0.05642014817296857;9.612027509478683;1.725223955890471;0.9211590606245446;8.964972613029367;6.777836977699967;0.8894519812222718;0.5101651714680002;0.13122947396768223;0.07526961376417213;0.47035571810890614;0.2697830918879243;10.07920922353766;0.5735724718572651;21.611007255609017;0.8348075710436688;76.59215443455875;
TS026;L1;1;T26-1;0.27338709541008166;0.33673515139223115;1.4887897208315761;1.460442130735102;1.0603546833351825;1.3679671214175508;1.278856334142923;1.206921104895836;2.4156497634792804;0.9437503437043243;1.8889141015970534;1.0787763375953696;2.1591683119868943;1.1334354133575402;2.0014976568727456;11.676842298613447;4.039517253925137;41.57022407170105;12.495167957938008
TS026;L1;2;T26-2;0.21305636120772006;0.27898324770214733;1.6736932016549422;1.5001006541546718;1.0344236117818912;1.430207377287971;1.3222745892684535;1.1043882661830398;2.130782999309733;0.8352185507807731;1.611452731984047;1.0028608863943478;1.9348982534803592;1.2950222499474933;1.929378520720882;12.258905228851637;4.780274278339085;42.661277829384765;586.1195389097004
TS026;L1;3;T26-3;0.14272635211536186;0.18663471169558732;1.6333261142791076;1.6540293493107976;1.033342556279418;1.6236050012392063;1.501235365570724;1.1099902763043892;2.0644860286777376;0.7393845773693218;1.375191443010592;0.9820186133226565;1.8264697902183715;1.4627200218769936;1.8599136161365797;11.993171924511824;3.847803074742088;42.334760870635684;6030.404573355171
TS026;L1;4;T26-4;0.08282628619501183;0.12930044265983073;2.245748860595409;1.655824787953314;1.02289691404837;1.8142613060728658;1.688200135878668;1.101528449795114;1.8671227960057717;0.6524868861130584;1.1059842706587504;0.9383534409536787;1.5905364047936736;1.6470398984341448;1.695029117362388;12.651438796036343;2.5224499371914635;43.19701019539663;4887.371690232807
TS026;L1;5;T26-5;0.04225200712908471;0.06170110061654367;1.9457886085018983;1.8415868017161865;1.0295374989292054;1.9176733204760879;1.7983178175672005;1.0194266937398417;1.6424721731972476;0.5668779365812779;0.913338096943963;0.8879330035304055;1.4306131661236745;1.8811291996298058;1.6111724200312214;12.555800129648542;2.114358044248627;45.19052049933807;inf
TS026;L1;6;T26-6;0.02597271634609568;0.03788005590954362;1.955201759215168;1.8605320690028218;1.0278556540814243;1.922790004955964;1.7375238482363975;0.9636209148106951;1.5072676413078032;0.5545943532163768;0.8674802609689032;0.8756117686895177;1.3696063099183318;1.9953801078857856;1.5641707419809463;11.488491534949636;1.9753833531772698;43.24215356441075;inf
TS026;L1;7;T26-7;0.0470224898046;0.07093908014657327;2.056617679619584;1.8110715163483853;1.0412191786573448;1.876978504024729;1.8426336756903157;1.0576733320292178;1.5769453185762838;0.5740008695070526;0.8558105386766605;0.8715619935359482;1.2994613402217838;1.7746296963199584;1.4909568680821401;12.061583265055019;1.63785630290212;42.2365715025933;inf
TS027;L3;1;T27-L3-1;1.0362414734437009;1.1930954729972378;1.3207492944658956;0.9162425733226582;0.9754161849013496;1.0730601063983807;1.120702809322662;1.2037284634261056;2.0906683774566632;1.0740835602559284;1.865497578898937;1.2179261308878335;2.1153272729615478;0.8914469824400338;1.7368272338647783;25.63246454125575;1.383409369590759;28.011323263688375;33.43313737040203
TS027;L3;2;T27-L3-2;0.9832940990135507;1.2114705680966547;1.4785439190738467;0.9069154039836563;1.0176929341993959;1.3821458316221487;1.3523362962501857;1.2127397411630048;1.7901256584888987;0.896773786613389;1.3237281757892867;1.0698935774393363;1.5792703741941665;1.1396887433545182;1.4761004341889437;27.82859873137694;1.3255907609922681;29.808193938993632;2744.4659803456007
TS027;L3;3;T27-L3-3;0.9982907498556081;1.4195465882133573;1.9023407560763208;0.8354046615699616;1.032949026618513;1.6566691212292155;1.5753769515699994;1.1905979976888497;1.475166452931037;0.7557543586646458;0.936389510752272;0.9485976673112749;1.1753248862022128;1.3914596903783545;1.239013047052475;25.564490680238706;1.386662658979962;30.788538347485954;3866.67113998065
TS027;L3;4;T27-L3-4;0.9469119233013322;1.398280799172209;1.9859517587764617;0.8383872801892535;1.0399265568313645;1.8934501791917873;1.8011637687755608;1.1605271901324599;1.3499550214598046;0.6443207498679542;0.7494904377171154;0.8508235472116638;0.9896997930772592;1.6315431428846343;1.163225672726999;25.076045369147096;0.9980447701443466;30.247062097648744;4536.270885698238
TS027;L3;5;T27-L3-5;0.9333718186725432;1.5512923047149094;2.48026520435031;0.8004257322502096;1.0379390177769614;2.0160530046272487;1.8319122606378755;1.177136987622753;1.245284908890435;0.6425727983352607;0.6797732269430984;0.9130114082942383;0.9658683231844798;1.7126749272390969;1.0578929402306079;26.383966571258263;0.9534741451109302;32.25022921249677;3877.874474978796
TS030;L1;1;T-30.2_Ap1;0.617290205525024;1.0687147518530855;2.5708352345847616;0.9688583119161787;0.9688920157676744;2.2158417969732382;2.103785836104887;1.4549409718963415;2.0261623024801523;0.6915822641862314;0.9631029298265202;0.9860770340643538;1.3732186750906732;1.5229771102570255;1.3926079075491922;48.20902481261998;0.403110997810807;45.75822057654032;3089.5724284563366
TS030;L1;4;T-30.2_Ap4;0.5923910476953786;1.0789544733398237;2.710978352929471;0.9634259144135613;0.9462546611190092;2.560807246035832;2.4104556974752946;1.5009703711184021;1.824353096455778;0.6226915403135245;0.7568498762979137;0.9330847659263584;1.1341170450320532;1.7061011298495687;1.2154491064979631;46.25151946528259;0.40557681087989317;47.25355927035137;2575.337755637142
TS030;L1;5;T-30.2_Ap5;0.5835373919441839;1.1178348782418595;2.972910102279072;0.9478941914202459;0.9348214485850577;2.691060631116696;2.4128903614354122;1.4794528306368664;1.739390263097257;0.613145484885086;0.7208741395371588;0.9195648680482429;1.0811309050528441;1.818956694927721;1.175698357580278;49.349090783082026;0.40158513754742603;49.25780582819153;2144.851030671119
TS030;L1;6;T-30.2_Ap6;0.583671135328149;1.1211529701334448;2.9308865885452686;0.9452663960505091;0.9418032337863901;2.8095597510532118;2.559211536647395;1.4710056312135655;1.648122806220139;0.5747886058456132;0.6439963178578056;0.8901207261044138;0.997296161110974;1.9099585286667813;1.1204055044034422;50.19710299748219;0.43395453455813254;50.318749016642556;1485.2347037074012
TS030;L1;7;T-30.2_Ap7;0.569564434317023;1.1034855876143417;2.951415746638735;0.9525723539932612;0.9840564997891316;2.9368882898648287;2.6292503086146697;1.4789746338846539;1.5574687216468492;0.5625081145902435;0.5923622853799213;0.8844177540111514;0.9313567367437039;1.9857597436616201;1.0530733157714975;53.270951535609726;0.3566046334668527;49.16699032716998;1703.924493872095
TS030;L1;8;T-30.2_Ap8;0.5597505677274841;1.1018551174221813;3.0002696424047395;0.9529573590143675;0.9489347186669309;3.052416977235089;2.7323106302437914;1.467014742449244;1.5321152317148707;0.5369136020666688;0.5607397690277138;0.8656783881983017;0.9040938757784058;2.0806995927927403;1.0443761656797932;51.35253667806734;0.38706943590067094;52.26355906727433;1654.3236047983767
TS030;L1;9;T-30.2_Ap9;0.557215809281124;1.1298712974069827;3.1350240306848156;0.941086585715788;0.9566115482606389;3.3611539382904154;2.8086813393838512;1.4381708328625924;1.5079793623600741;0.5120448563161274;0.5368994129789334;0.8285036289995229;0.8687190322758246;2.3371033965417314;1.0485398034102333;47.61693313375549;0.3823561424956411;52.58788937157891;2756.8947819213663
TS030;L1;10;T-30.2_Ap10;0.5630650268786721;1.1536758775974962;3.1591817566873748;0.9304789148162234;0.9940794046625969;3.4388627235480183;2.904413197003497;1.455389806699748;1.521382834528166;0.5010959901302211;0.523817629012906;0.832240830017099;0.869977862393192;2.3628465086930954;1.0453438848648144;48.920317773826476;0.3991933912335072;52.98195927747501;2529.2934200969476
TS030;L1;11;T-30.2_Ap11;0.5483054114250127;1.1611868615580552;3.293838719799497;0.9271310711686768;0.9408539870778627;3.4580407450417696;3.054874766536356;1.5319230267376496;1.5338718947119767;0.5014683559269297;0.5021063094023636;0.8446509286525615;0.845725469028028;2.2573201686287976;1.0012721709513548;52.75085480172649;0.362092457343722;52.56507063532362;3869.0811574916047
TS031;L1;1;T31_1;0.6845488454083798;0.8072816491008129;1.363818614309428;1.1049619095605332;1.1408093196939033;1.4149331173657267;1.306556208563684;1.2702635185370736;1.245571374548453;0.972222633983342;0.9533239874293105;1.108685307349698;1.0871340175207382;1.1138894384649138;0.9805614003486002;24.459944406459066;0.14996392341848738;32.85024249154448;10044.633396221632
TS031;L1;2;T31_2;0.6596047070454263;0.8920634370056542;1.7632068772169052;1.0527804979810789;1.0289315898624005;1.5852375555733877;1.4123571108144712;1.2684325278814157;0.9446884700594692;0.8980961813191439;0.668873660086358;0.965370156432062;0.718977191198407;1.2497610402826171;0.7447684045420405;25.16957277663604;0.13838062485249286;38.899135971977906;inf
TS031;L1;3;T31_3;0.6532965659298343;0.9007588807199919;1.7528851235498006;1.052556182337293;1.1316890286959305;1.8730089421782266;1.7860938136757598;1.2402975358872765;0.9468939234649226;0.6944190312908363;0.5301479218027334;0.9020246919018621;0.6886425836250459;1.5101287295861028;0.7634409454724422;27.118231816177815;0.12437115256080228;36.461660739489616;inf
TS031;L1;4;T31_4;0.6510734441003043;0.948960533721688;1.951155819617899;1.0252065420928183;1.1589061462820665;2.2151253997931204;1.7447143439784767;1.0896963904763604;0.8337470282714441;0.6245700874972593;0.47787022050282946;0.6841494770924451;0.5234555224780868;2.0327913528508423;0.7651186473206284;28.68302554631419;0.09930957342884891;43.38632890489003;inf
TS031;L1;5;T31_5;0.6610429792118508;1.2606615970867283;3.0726873737657763;0.8961558618072326;1.0272128485329635;2.319181224118567;2.152469526213853;1.4428256721719017;0.9183052297168052;0.6703117765898413;0.42662867860995185;0.8492619366621443;0.5405238435093164;1.607388382982871;0.6364630512392186;28.60384893627771;0.10274551767973633;44.558320693955956;inf
TS031;L1;6;T31_6;0.5996403799739876;1.0138322012495893;2.3280528151678954;0.9928456292596293;0.863258348996073;2.9516639444228683;2.6335300304100135;1.3377019548501698;0.7496608572969502;0.5079501427374662;0.2846600755033865;0.7500611518245056;0.42034138027769913;2.206518375577519;0.5604094802873457;30.58913285166475;0.08061585332604701;44.167977557859714;inf
